path,bytes,sha256
00_INDEX/DRIVE-STUB-INDEX.csv,55034,40e8de7df01d86f423fb070eadf3d71e9f124a44fe1155f7dbb7d32ae0a4f342
00_INDEX/FILE-MANIFEST-after.csv,177313,c8fff58ad0b9a8f0bb474de78063def33010de4375931cf827a9c13f664250b9
00_INDEX/FILE-MANIFEST-before.csv,136699,208dd89e268b683d8952414a67bc6e13e7fc7cc6cdd3f993e030417a365d57c7
01_THEORY/01_core/00_MCKENNEY_LACAN_RESEARCH_PLAN.md,3516,a4a05554c6e311c38eb348b49ea18e1b1437bc7e81df07c64c2a87ec584e7f36
01_THEORY/01_core/01_MCKENNEY_LACAN_THEOREM_UNIFIED.md,4526,40d5c41dc78ca83f3578b14a45e5a885be4cf6c5ae6baf996678f571a9c9a56a
01_THEORY/01_core/01_PSYCHOHISTORY_READINESS_MATRIX.md,13529,9911d9f7f382f8403062b27c95abd703dcdb1028b1e7c48d7005bbab4d3eee73
01_THEORY/01_core/02_CALCULUS_OF_CRITICAL_SLOWING.md,4156,7bd17857fbdbcf61d8cc807f419226f75f75b0bdf5fa02800b77efb4a15a1ad3
01_THEORY/01_core/02_MATHEMATICAL_PHYSICS_OF_CYBER_EPIDEMICS.md,9446,639665140e5015388e8c0f3efc3dbeb105fd271aaa6b975bef53ace3e8bcca07
01_THEORY/01_core/03_ISING_DYNAMICS_FOR_OPINION_PROPAGATION.md,8879,9b2ee001e33458f005f5df7b87b3d6f17d4535a29f26f5c1160b33e242055aba
01_THEORY/01_core/03_TOPOLOGY_OF_DIAD_AND_TRIAD.md,3824,6d7615fa226f0814fb573382b1b8982e3a5a689c31ab9e8dc5eb405200aefbb0
01_THEORY/01_core/04_GRANOVETTER_THRESHOLDS_IN_ATTACK_CASCADES.md,8063,def4b428a1e20a368ac19d614a70cbd0d838c2b0f5ecfa7e6b4b938ee239d8ad
01_THEORY/01_core/04_LACANIAN_MIRROR_AND_GROUP_DYNAMICS.md,3916,1085d407b92d3173415ff80eb96311eb0a9626f01d20f2ec87d01323cdb29971
01_THEORY/01_core/05_BIFURCATION_THEORY_AND_CRISIS_DETECTION.md,8137,f1c0a12dc13dd4033917a3cf9c16bbb46e4733725d7ed75cf9c4b8bc3cb368d8
01_THEORY/01_core/05_PSYCHOHISTORY_DIAGRAMS_v3.0_2025-11-19.md,56031,3756666ca968d4189fe1f18fa325cea639017af22431b30e5f4169889bb86533
01_THEORY/01_core/05_PSYCHOMETRIC_TENSOR_DISC_BIG5.md,4028,cd3abfa0876ed25c576fc0aaf57e3b68d3f4e5c985146459a690938c73a06c78
01_THEORY/01_core/06_CRITICAL_SLOWING_DOWN_EARLY_WARNINGS.md,6286,b0a361b2936608f5c15bea5fef3221a59d24ff27e44b4168879a41355603d15a
01_THEORY/01_core/06_SCHELLING_GRANOVETTER_TEAM_COMPOSITION.md,4208,745a03180e53c3034b3adce73b71f5d4c1244406df43278f4395ee27eafbf1fe
01_THEORY/01_core/07_MUSICAL_SCORE_OF_INTERACTION.md,4067,efe21248c9962b4a7824b243d10744da85a888f176e4db458a9f89de1200ed58
01_THEORY/01_core/07_NEO4J_IMPLEMENTATION_OF_PSYCHOHISTORY.md,6705,6eba7bba89e0ea492cb7e3fe21338b140aecc946c873b30196c58e6b7b280cdf
01_THEORY/01_core/08_NER11_GOLD_INTEGRATION_STRATEGY.md,5469,bab8f60e7a5f51eb2400eaeb443dc53b18955ad8965815b6889699553d78bb95
01_THEORY/01_core/08_POLYPHONY_AND_DISSONANCE_IN_DIALOGUE.md,4115,8963802773a590ee7fe3dbcf37d80b42b0e668223039605fcfd483aa9b51d681
01_THEORY/01_core/09_ADVERSARIAL_COUNTERPOINT_ATTACK_DEFEND.md,4311,9c347a9c74f075454ea81d26ff279f2fa05a789702a5f0e9343c79b9562efc2a
01_THEORY/01_core/09_AEON_DIGITAL_TWIN_SIMULATION_ENGINE.md,5513,82b66166c2e7029f86ef355cca60d49d27e8ee1e3ea836708cbb028427bc1f18
01_THEORY/01_core/10_EXECUTIVE_SYNTHESIS_AND_ROADMAP.md,4852,24a9e3ba9c0aded849d45f14784287e581ce2e74fc960d0a7f16a20131ebee48
01_THEORY/01_core/10_PRACTICAL_IMPLEMENTATION_CHEF_ORCHESTRATOR.md,3835,1bbe34b654a09e99b0a1f3b17e9e1e3341cb676566b3ddcd84f57e55d6346048
01_THEORY/02_primers/Primer_01_MULTILINEAR_ALGEBRA_TENSORS.md,3104,a1de7c46ab9049339033234544f85e2b958c3cdb7e18774de6040e8784d2e1dd
01_THEORY/02_primers/Primer_02_TOPOLOGY_KNOT_THEORY.md,2761,b6db81adafaabb017bc13597eb088afbb42f730f92f0e7e6a049513bd14c5b62
01_THEORY/02_primers/Primer_03_RIEMANNIAN_GEOMETRY_CURVATURE.md,2561,a8b4629f3bd9b93e384ebaeab1150c9b6680590a43ec76c1f953c58f61e3a3cb
01_THEORY/02_primers/Primer_04_COMPLEX_ANALYSIS_RESIDUES.md,2738,573ae10c7ed12a82a5702d570858aa04716206e3b3ec6c98fe58415695629f46
01_THEORY/02_primers/Primer_05_ABSTRACT_ALGEBRA_GALOIS.md,2452,863354b2ac7cecc5a10d142a8d54b687c75aac0a5650552fda27fee6064ac8ef
01_THEORY/02_primers/Primer_06_CATEGORY_THEORY_TOPOI.md,2696,19a87057198e37279c873f618122518da13444391b22909f9e9a558e056e729a
01_THEORY/02_primers/Primer_07_STOCHASTIC_CALCULUS_ITO.md,2513,68894d8c8b7907d18a30648b36d1e0a966a9070b0ebe65ba806ff384d69fe4ea
01_THEORY/02_primers/Primer_08_QUANTUM_MECHANICS_HILBERT.md,2314,97c27c9360b4e7c6ba9609c08ab3f59b9ffa960320bb628b696c6d75bc1a16d5
01_THEORY/02_primers/Primer_09_STATISTICAL_MECHANICS_ENTROPY.md,2339,45f54705b2516ad2d17d75870974951327b05c19f6c65dff1e27e86326e7cf81
01_THEORY/02_primers/Primer_10_NUMBER_THEORY_MODULAR_FORMS.md,2441,ffab3d99c4b27a06fd3c9da2319cbbe5c2c859fef8d5f8bbda37cc715a18b552
01_THEORY/03_unified/00_Deep_Layering_Plan.md,5173,219cf117040d50040a27822a767457708e097f7cefc4abdc3890c1bafa4aeebb
01_THEORY/03_unified/00_INDEX.md,6163,982aa6068ad79bc968fd4a8ce7812ab5e0510a5d8186d46552fb7380ddc3b4e1
01_THEORY/03_unified/00_Unified_Theory_Master_Index.md,3391,9d782f6682a180b9e6b84c3a8bba705ce4797dc6f366888c8fc20eff4dbf8d91
01_THEORY/03_unified/00_Unified_Theory_Master_Syllabus.md,5459,f8c4cb3b72df9c4c5e6eaf7595e783ccba108be859f5379639a088b8d1e4089b
01_THEORY/03_unified/01_Foundations.md,23216,6056ab3ddfb9dc5ddc300c1480b85d0f39998cb08b32823d6621e70d2aafbbea
01_THEORY/03_unified/01_Vol_00_Laymans_Primer.md,13908,b4ec0cb581345fcd63fb90055cd8b81f760b951720dc9a8a6ddcb2bd5d51d893
01_THEORY/03_unified/02_Core_Axioms_and_Vector.md,6568,c5782668be508312d1b726139df44948a24e610608fb2d2962aa365116e0f2be
01_THEORY/03_unified/02_Vol_01_Foundations.md,6424,ae5638718bd4605940ae1f469950118806241f28f101f6f149a58a813e409571
01_THEORY/03_unified/02_Vol_II_Kinematics.md,4959,de02aed7a193d3842d3d3590e37a2783094d34ca166453eecfc62d227696e2c7
01_THEORY/03_unified/03_Phase_Transition_and_Stress_Cascade.md,7560,23b3f481e0b4f597e6780e8bf9543156d4b6e3e1aa5b46096b69842924176f48
01_THEORY/03_unified/03_Vol_02_Kinematics.md,5226,9073b1fdd8d2a9c3a8d5f188ee6e04bbbcd64ad1d864daec13c9093f4fa0b593
01_THEORY/03_unified/03_Vol_III_Dynamics.md,4066,bc7d00b74bc8cb33b388ccac7cde0f761a188806c161f7914b86b8b269006ada
01_THEORY/03_unified/04_Directors_Score.md,3209,d6025a1481e877d8f1d90abf8c282cec1a9d536dea3b1ef6b45d65ae97da7955
01_THEORY/03_unified/04_Vol_03_Dynamics.md,4350,b2ff87dd99b79f183dd3a5caab7717957c9502ab144016f1c7addcfa54ddefe9
01_THEORY/03_unified/04_Vol_IV_Directors_Score.md,3785,2d0061b25a0d234f497e2beb1c427c83c5a3658da4db5560f614c43342c47f33
01_THEORY/03_unified/05_Case_Studies_and_Neural_Network_Hiring.md,5660,e892148207b5f6e52b22762aa4e9112e1950436ee7bf4c602b0374d9498de118
01_THEORY/03_unified/05_Vol_04_Network_Physics.md,4213,92550214fb9e3bd7c390626093058507b65e086704e77618ca2a9ad366125453
01_THEORY/03_unified/05_Vol_V_Synthesis.md,3221,7388ae2cb343470f734f69cbb938cd6e5059fa5984232852953dbb6b719c6686
01_THEORY/03_unified/06_Vol_05_Thermodynamics.md,3629,be2b9ccb7756f01be5c6cb844106957f96159075b921cf3cd233b3897eea3966
01_THEORY/03_unified/06_Vol_VI_Technical_Architecture.md,2692,54580a50140022e334a84c798f899102ed96a66c0ec0fcdc77791373f2b9901f
01_THEORY/03_unified/07_Future_Math_Placeholders.md,2674,4d6e4ff3e84567b89d5821919c90c72fcc5e7017bb2abf1c5f1fc569378b44a4
01_THEORY/03_unified/07_Vol_06_Technical_Architecture.md,3149,75eb9bfebeaa7da097e8880e9ca46fda7f4aa1f87d320e63e4b06bfc0dad5813
01_THEORY/03_unified/07_Vol_VII_Bayesian_Prediction.md,3097,ea3fb35ffbfda0040b19240b3899fa4c9311822b16655c01bf03178eb567d077
01_THEORY/03_unified/08_MoE_Critical_Review.md,3433,9694df3879d62fc07ac80feaed2938d1111257f954e2c84e2211eeefd2ae46e3
01_THEORY/03_unified/08_Vol_07_Predictive_Mechanics.md,3131,12486240f08aa1537e418d66eb321680f3cbc8c3f8c01944ee7251118163a831
01_THEORY/03_unified/08_Vol_VIII_Psychohistory_Engine.md,3806,5aa827fe3cb61abb7175b4291c4cec2defa27077660067b5b121f3cd51a1a467
01_THEORY/03_unified/09_Bibliography.md,2600,1688e557839d34d231bd998695c45ae8f0b81264750c099d2d6bca9c48230e9a
01_THEORY/03_unified/09_Vol_08_Psychohistory_Engine.md,4352,d8135eb01dde9d1ce756fdd2ebb61d8552b9248c07b87eaa5d995adef80499ce
01_THEORY/03_unified/10_Appendix_A_Math_Codex.md,7202,38bc5528bcdf0b1b158a9ada06952131a1d6e0e9bbf9a881544b9a46e74f5d52
01_THEORY/03_unified/10_Vol_09_Reference_Bibliography.md,2611,e1b72eda5da4e2c961b3a4df0df3bd805e80e1b93b153a7cfc12a37bf0751446
01_THEORY/03_unified/11_Math_Integration_Plan_v9.2.md,4239,998432a149a6217d8ff22f4b1ff78bcbc310a1d38536f0608faf51a15a01f342
01_THEORY/03_unified/11_Vol_10_Appendix_Math_Codex.md,7098,8acee4c53adc9acf23da544444209566ae3ba2ff3bc13f3288b196393e5c320f
01_THEORY/03_unified/12_Vol_11_Computational_Sim.md,5074,4a7da17dba49182da3fbef2236090ddadf3117e693be2ee975a1585f5c20918c
01_THEORY/03_unified/12_Vol_XII_Computational_Simulation.md,5328,14092aa89ac8ca6a64b48be2cc741c87cd8a330aae68c4592ce33df6b07ee257
01_THEORY/03_unified/13_Vol_12_Computational_Sim.md,5070,06a30c511cfe922c25a2bc77965a57971f4048d9fbadf176f64d4d470b03e1f5
01_THEORY/03_unified/13_Vol_12_Digital_Twin.md,7085,3ab5e5f3342e8cc79e035935982e65b8f7d1eee0427e5e61f7bbfb13fb92c163
01_THEORY/03_unified/13_Vol_XIII_Digital_Twin.md,7311,c73fe0a7a60b22eb49d95647c6dc938b58ee463b0fb3fbbef3a3116b8958b322
01_THEORY/03_unified/14_Vol_13_Digital_Twin.md,6831,c3147dc9824c6b39fa344cf4be4686e371791dcf3b36ef570454d05409519544
01_THEORY/03_unified/14_Vol_13_Organizational_Physics.md,5410,d3f2792605b68f6a07ac984128a7d759c1a630572f43274652b08c53e0ec9995
01_THEORY/03_unified/14_Vol_XIV_Organizational_Physics.md,5343,0252184ac331396e9e3275e6dd8efbabfca3f05e054e93be0ceb2f9e5ecf0a86
01_THEORY/03_unified/15_Critique_Grand_Equation.md,4122,c5edc071725b758c069c3d5f3dceae5963eda7ff961a21f7caeaacb9f3501311
01_THEORY/03_unified/15_Vol_14_Advanced_Simulations.md,4356,0f7e99a13495d68183ab5fde5e8b5534398ca05a9b42f61547b699aebffc92b4
01_THEORY/03_unified/15_Vol_14_Organizational_Physics.md,5414,660763fce66014e376245bb7ebcb29e254b96c11e2c22f55d2f789b14789f3eb
01_THEORY/03_unified/16_Vol_15_Advanced_Simulations.md,4356,5f2bad676716306f724aa49ab01ea3ce7ea7a46101c6a4a73186d2494cc18362
01_THEORY/03_unified/16_Vol_15_Cognitive_Bias_Atlas.md,11098,4e9ac93446312e38077d295b4ac2b3bc5f3940ddfa155746dae990a4623c0b12
01_THEORY/03_unified/16_Vol_XV_Advanced_Simulations.md,6603,8891d26daa85a8c0326d309111eee48e4f564d7b03edf663e9f2a33e2dca168e
01_THEORY/03_unified/17_Vol_16_Cognitive_Bias_Atlas.md,11099,3d4c4cbbf92460b08ec81b23b8dd45b89170a9be23da35a17a214555244ef39b
01_THEORY/03_unified/17_Vol_XVI_Cognitive_Bias_Atlas.md,11076,4b899cde6a3509bb2508094cbc8a1e367eb859e4b714671d1eea4958895c2f3c
01_THEORY/03_unified/4 final integration of Jordan-Lacan and Fractals with biases.md,7922,7b3a90ee364d0fbabc91802430db1d647dbb92f30d15a89e4ae3395664e58622
01_THEORY/03_unified/90_Archive_Deep_Layering_Plan.md,5200,9cf9aed93d77a14c7877e032d1bab4494c9b07732e56e4e3179f146e6557f8ae
01_THEORY/03_unified/91_Archive_Master_Syllabus.md,5338,dc57d7dba277d5a1c9c0d134739e0eb3a258880cf8c01cb286073f04a5aeb80a
01_THEORY/03_unified/92_Archive_MoE_Review.md,3537,69eaa5f95cb74f2306b819a3d586e68945e3a6bb8806c057aa956f6a2ef996f3
01_THEORY/03_unified/93_Archive_Math_Plan.md,4389,04892308cc7e12f3aaf3d2e31239f62f89bd5516bc616a299109b6b0b22b22ef
01_THEORY/03_unified/94_Archive_Critique_Grand_Eq.md,4089,64c7e51313233eb47769ba1ba3f0a1c02f1e71e13dc9e4f8bb7b735c734d4f07
01_THEORY/03_unified/Aggressive Sales & Marketing Techniques Explored.docx,32030,b42d22d0464fa5b8fac40a8a51c647fa14bc7814dff7238846772677b79a1c65
01_THEORY/03_unified/COGNITIVE_BIAS_REFERENCE.md,84264,9539b467fc8a5e3fbcfa045893e8fdaafc49790b7b832da661d9ffb5f0fdf918
01_THEORY/03_unified/CRITICAL_REVIEW_V7_DIAMOND.md,6942,df51ee3faca0959450dc3ca5696d6fb813abc27a2fa551349c973bfe4697c2e1
01_THEORY/03_unified/Foundations_Psychohistory_Social_dynamics_physics.md,29372,fee1ab4e5c80896771354a934fcf4a67f5ab6b1e568b71dc7df197951d94c586
01_THEORY/03_unified/Sales Frameworks_ Theory and Psychology.docx,32241,90a6fad71f8b97b72eec284f249d45c802412d832b2e6ac047d8c47e7e2f4f16
01_THEORY/03_unified/Terminology_Glossary.md,1063,ec060af129731288c980928f3a0005c058508dc20928ea5918deab6ce5c86a03
01_THEORY/03_unified/Unfiied_Pyschometric_Field_Theory_Universal.md,35026,e9e64c41f7ea6a05d107cbd23a7a3f73ceefff956d9319cd01675e8a83f461f1
01_THEORY/03_unified/expanded_appendices.md,9581,7b21dd8a5955d7562a109eaf4489f27ba876a0fa3fbc5bd3399051883726159a
01_THEORY/03_unified/final_cleanup.py,2124,3399b8c82952c6990e22db65178c1ff7e609775a926886d5e4d819f142b57378
01_THEORY/03_unified/mckenney_lacan_calculus.md,906,090954587372df3897c537821af7d5803a28689389bafaa29a828d76481b38c5
01_THEORY/03_unified/rename_script.py,1975,fafe2d452a144e942a192085b2909ec9e9393df4639f0ec0a5cf8a2ae366b84a
"01_THEORY/04_background/Calculus, Psychoanalysis, and Personality Theory.docx",6207224,825d2ab14155dbcf4a98a68ec3038617ce5ce92756f4584a0cd61f8f3a1e3e62
"01_THEORY/04_background/Calculus, Psychoanalysis, and Personality Theory.md",29452,345232314e94aaad7eb85e3e9dd8d79713a0a8a4c87730f67164ea61954b0ef9
01_THEORY/04_background/GNN Music Theory Dialogue Simulation.docx,6214433,b1b81792090012137d1d91f4a0b7b56e928dabc111085b520e053e5b0552a2a3
01_THEORY/04_background/GNN Music Theory Dialogue Simulation.md,42561,d3bf11044abfdc6f8d349d4ac2843da5d82099a2e72985143200b457166c72d7
"01_THEORY/04_background/Lacan, Calculus, and Subject Formation.docx",6209413,6d489d2df387dc063e2716eb1509578b68171c49f234abaed28a4051d25401bb
"01_THEORY/04_background/Lacan, Calculus, and Subject Formation.md",39485,194d8ba42de3144762834cb4b1529658cc9ae2ccf3f8dda7dc99ed3041dc44a8
01_THEORY/04_background/Simulating Calculus with GGNN.docx,6208426,8d4914fcc1b6a3d23e01ea09763b1adfdc358c9d2ded66e15a51c86e0d25cbe8
01_THEORY/04_background/Simulating Calculus with GGNN.md,33387,4bd620c0f54aa5bcf740452bc4a63057cf2d3dc7210b0cda1e4a8ac92cc56be6
01_THEORY/04_background/The Loman Operator_ A Topological Score of Act I.md,8913,c48df3e7f28aa5b9db517cb0eae56e23dc4c48a795341c01a6a5a40ba9aca8ae
02_BIASES/01_Availability_Heuristic_Security.md,15302,bd4b67313a5122ea6e3823c623e5985f17d0696ebe1965439b47cdfb28101606
02_BIASES/01_Base_Rate_Fallacy_Threat_Assessment.md,13941,709aa4721ef6ae24e59c7cef124c5747403f18a08d655223f6774e27986de56c
02_BIASES/01_Cognitive_Biases_In_Security_Operations.md,22119,923a77747c6c02f219953408594ec97a69f4daa9563684f04199a2525a11dcbe
02_BIASES/01_Hindsight_Bias_Incident_Analysis.md,18760,cb9cb7678de67b55c8325d3e85f71ab5d5b22f9cd8c69f9d5d593d40368cacc3
02_BIASES/01_Ingroup_Bias_Team_Dynamics.md,18131,8cbd208079f54100721035317a3fec22bbdd6280b7d3a39441ef335532be1a65
02_BIASES/02_Anchoring_Bias_Risk_Assessment.md,18916,c5a5313cf5b0f4cd7c478c6347b4cf4e6ea35e7bfc81bf776ef028d29ac21e96
02_BIASES/02_Behavioral_Economics_Security_Decisions.md,22349,3e9cd449e4bafb4fa7f0fb5b9fa423203127b3ee720bffca3e319f4388c6aaf0
02_BIASES/02_Fundamental_Attribution_Error.md,7251,e1d5c4801462045909b479784e049bc5bc5ad647bda550526b69aff38f3e1302
02_BIASES/03_Insider_Threat_Cognitive_Biases.md,21690,80241650ce72de1d66c09b0a13b0aa477390912b4fa5a5a00a97fa1476c25539
02_BIASES/03_Sunk_Cost_Fallacy_Security.md,18060,506248b36f67a72fb40233de933a710e69bce975528a693006fa73855db780c5
02_BIASES/04_Framing_Effect_Security_Communications.md,19381,8757fa21fa0e941c1ae20077de0196a4ed190121c1e5a00601b2dae333a2b694
02_BIASES/04_Social_Engineering_Cognitive_Exploits.md,24971,c61d22594cfd64018f60bcf52fcb499a2e35f4a1be3e53bf2dbdfbfcca5caead
02_BIASES/05_Status_Quo_Bias.md,5780,887ce8842a279963314bee627363552b5a1d6da82fcd61e80e8d1282190c1f6c
02_BIASES/06_Representativeness_Heuristic.md,6821,aad36650d2a9b0c2429baa3a68d74922f97a7021477e5f9c9c7a42006c07b570
02_BIASES/07_Confirmation_Bias_Investigation.md,7465,dd45a1ea773e446a127df0a755d34630452b0a110971ac07d6bdf16a1e9a5204
02_BIASES/08_Overconfidence_Bias_Security.md,6369,8b331a0b4830c080528815eee1745c2142d2a4d6a0eb2141b12f1651385eb712
02_BIASES/Attentional_Bias_Threat.md,29652,b9d51923d7624ba8f4e1cb40bb5e0347971a05262ea95905651f7ded738f7859
02_BIASES/Authority_Bias.md,29400,3d072b5a15bb9e4a24a68802880c7c01999071a64a7bcb230cf61982c1b05ba1
02_BIASES/Bandwagon_Effect_Bias.md,31036,869ee4460081be660965120fe1a79916bc89fddfaac64216cd0681f129e46b10
02_BIASES/Base_Rate_Fallacy_Bias.md,23568,cb812e08c4929360418183cb1fcd6aae2a8ef222faefd11754ac23351161b61b
02_BIASES/COMPLETION_REPORT.md,10583,a0dc587fdc9d02cb7492a8c901250bcac9b0ce4695fab102855271006b73cfa3
02_BIASES/Change_Blindness_Bias.md,28895,85c6f291a4dfc001ce149e217404cce1781f65167c3b2ee0195a53d1352196a6
02_BIASES/Cocktail_Party_Effect_Bias.md,30531,7b90ab26c6fa6cdd3e35c6796ff8d4c00f90971400e5de895c67ba50239cc36b
02_BIASES/Conjunction_Fallacy_Bias.md,27305,d4dc00af3f35901b1703ddd48cccbd3d21f692b9125b6644bb3a2e722e460e9e
02_BIASES/Cryptomnesia_Bias.md,51268,6eccdf69b7d42e056c706324964e2808409cac6e15047a809426d1171c312375
02_BIASES/EXECUTIVE_SUMMARY.md,12230,f4ce04853ff2bffdba3093c64f91c9d5d06b96e4fecbcb127268521c862a73cf
02_BIASES/False_Consensus_Effect_Bias.md,29734,20c755c4b3e5a40e7c53b4aa1d49609ecbf8c891a767ce82606c4c70fbfe92cf
02_BIASES/False_Memory_Bias.md,52173,b1d24ad48a2b0c1bc408f0fdddd49ad73cdbe1b76cced253737bdccadc0dd754
02_BIASES/Frequency_Illusion_Bias.md,28753,14db5ec15c760249f13f6c644a75fd310d5dca224af0025b1ba5dadf486828f5
02_BIASES/Gamblers_Fallacy_Bias.md,26228,41fba28d043cc76f47c2031b43c745af534ce4e9926b64547791f76671083c5e
02_BIASES/Groupthink_Bias.md,25561,117e0918d74e2953dbf6951816ca0df725a9e375f24efd0bc4b6c94373b1f4a4
02_BIASES/Hot_Hand_Fallacy_Bias.md,27425,e556da9466d52d4f0aee0cadf843ed7eea61378257d4fed4c81fc5705b9ac333
02_BIASES/Inattentional_Blindness_Bias.md,19899,d56d65ab5efd609cc34322c2ddceae277573d702015da1329f1a7eae9eae2f5e
02_BIASES/Peak_End_Rule_Bias.md,41264,84acc4fac9b5a07a59c6a405c2bc70abc8c25670d22f7399be6572fdd58edd7b
02_BIASES/Pluralistic_Ignorance_Bias.md,30676,5cc74a6d34b264af30ba264a8f6af90d59887faf175f18829a2e7937f465febc
02_BIASES/Regression_to_Mean_Bias.md,29341,3ca773859759678812a2e7bd4d410a8404e2016eacaf6eef8fed3b1896c13bd6
02_BIASES/Rosy_Retrospection_Bias.md,42983,da179d9113d6e5bbda7f58f74adfe2c81543516a12d4311f9d0440d76c744274
02_BIASES/Sample_Size_Neglect_Bias.md,31108,abd3ea6434b9955df65aa047185c5499667ae4cada27c37731cc465c5e09bbf6
02_BIASES/Selective_Attention_Bias.md,28675,341512fe1f9a92afff44bc4ad2ac8d0488f4f9b92f6d08f56748c191c9abcf9a
02_BIASES/Shared_Information_Bias.md,28188,ba61eb46660c9b89a1708958a613be0a0980c5d506ac2b240c5a6d1ada1db444
02_BIASES/Social_Biases_Just_World_Hypothesis.md,23488,07db3be6b4ec93e6dd84293bf0c003872f17ea0bbf1ccebbf0320e0030404e6d
02_BIASES/Social_Biases_OutGroup_Homogeneity.md,32169,87750602d3d95dbeec4a7aa8381ce74c5477b7c77b23a0964b97f391ab8bcafe
02_BIASES/Social_Biases_Self_Serving.md,30684,df4fadda36ab62d9e2484334f7213a875df58e36097bd5cf3741c6468565b6e4
02_BIASES/Source_Confusion_Bias.md,65069,d47c4cc9c48d133b91acae3fee95ddc2e8de82d21856de214d9204cc2e6a2eef
02_BIASES/System_Justification_Bias.md,31350,05eb5265949282ae30556b9c2d7e8a7caf3730107c2568e580fe3a40fb27821d
03_PERSONALITY/01_DISC_Assessment_Security_Applications.md,14489,8365ef9d5473e89c867fad367ff45a032f0065479264f838c9d1acecced6e3fd
03_PERSONALITY/02_Hogan_Assessments_Insider_Risk.md,31171,393f14e2cb1424f4a22f4670f6bc0f659fe5ed1c09cc058ff4418c73f7131bcc
03_PERSONALITY/03_CliftonStrengths_Talent_Security_Profile.md,35978,013af8b65196c807a51769c7eac5de68be84b4a81928e57547509d88eb0347f3
03_PERSONALITY/Agreeableness.md,994,cdbf07a2cadd29dc1d4af9ae8fd0d1f417acee5b2b2103d4f1656757c0829f90
03_PERSONALITY/Anxious_Preoccupied_Attachment.md,1194,e31310a0e610adc6427592de3d75d6b8ff86fdee1d229d3b6c79e2a250df4e01
03_PERSONALITY/COMPLETION_REPORT.md,7323,ccbe83e24f664edb17cfe37dedbd5de4eaccd1f8ab9659972bb98895beeb077b
03_PERSONALITY/Cognitive_Functions.md,1021,b40dc9029aa5c1da51cce6efb475af6ca6b0447dbe4938667a23ada8c27fa63d
03_PERSONALITY/Conscientiousness.md,994,cdbf07a2cadd29dc1d4af9ae8fd0d1f417acee5b2b2103d4f1656757c0829f90
03_PERSONALITY/Corporate_Psychopathy_Factor1.md,1182,4ccc4163384dba68dbaab1e446499562336681a1cc30c7411583b39c33d02a2a
03_PERSONALITY/Corporate_Psychopathy_Factor2.md,1046,f5932d24ae2dfb8b3f88cfc2be5b562005e80f9c21682480842597fe1a9af436
03_PERSONALITY/Dismissive_Avoidant_Attachment.md,1194,48bb8e0ef6f48c4e4dc4034879e4695dfb4373b90b75acb436b828623bfcca40
03_PERSONALITY/ENFJ_Type.md,1135,aab3576d740b0157a45312bc7b6b4a0f50ff92dbec5a73d30b7c9b23e17f27ab
03_PERSONALITY/ENFP_Type.md,1135,6e46485c37f3db4a0377f013ec91d313f0f6ff73a24b935116aa7e43be43844d
03_PERSONALITY/ENTJ_Type.md,1135,e6ac71a2df7f88532a93fdb3c9a28b31d8dd1a220f8045a8cc78be72ecfa6472
03_PERSONALITY/ENTP_Type.md,1135,80267e34d795d6be7a7be7c394a7942e9a4cc89b47b64d2909e2b68b0a1c575a
03_PERSONALITY/ESFJ_Type.md,1135,01e2285ccf77c52c3d63ff8f6d4e1d4bc36970c74ed3abf0e842b13e2850a80d
03_PERSONALITY/ESFP_Type.md,1135,233e187cd54161bad51ab966b0eca118afdd0ee88650e8b2fd062f2217f387a0
03_PERSONALITY/ESTJ_Type.md,1135,b664df854988e4406653f3d2a2fa29a33dc0bdabc8affe1a6fb19bda8c5cd7dd
03_PERSONALITY/ESTP_Type.md,1135,5aa27b51946c1bd8a41c654fa26522f4ce5db45ed4143cb5a06697c92735434e
03_PERSONALITY/Emotionality.md,994,cdbf07a2cadd29dc1d4af9ae8fd0d1f417acee5b2b2103d4f1656757c0829f90
03_PERSONALITY/Entitlement_Exploitativeness.md,912,d96a1439a90713577443299d2938ac42cbccb2a51a870279f0b0490deba7516a
03_PERSONALITY/Extraversion.md,994,cdbf07a2cadd29dc1d4af9ae8fd0d1f417acee5b2b2103d4f1656757c0829f90
03_PERSONALITY/Fearful_Avoidant_Attachment.md,1191,07c16263895780f967ee83298c2025cf22f2e5313d93657790493438c9baf6a5
03_PERSONALITY/Grandiosity_Leadership.md,1215,79ada40dd7602dc46c466db843f1a22a53c319985aff85fa0c2bb324dc2e2dea
03_PERSONALITY/HEXACO_Profiles.md,673,cc54820c75e65f84825e360023688aa67fab3eb734ab28d62d14643e72af7575
03_PERSONALITY/Honesty-Humility.md,994,cdbf07a2cadd29dc1d4af9ae8fd0d1f417acee5b2b2103d4f1656757c0829f90
03_PERSONALITY/INFJ_Type.md,1135,d8156cfc112fe0845a8a943f38ac828863cf39380506b2b21bb9ade718648d20
03_PERSONALITY/INFP_Type.md,1135,7b2d60ec42a266ce86771daa6367ee43406ebe848de223e75c910e7890dcb074
03_PERSONALITY/INTJ_Type.md,1135,21f6edcbaa12f78e5ab3b88f5011bad48901a0810e67e9ee240e5400f78daf6f
03_PERSONALITY/INTP_Type.md,1135,bb3e994b22c8092bdf0ce03ff3f8389d306eb58c9d27a3885f99c181d5ac03fd
03_PERSONALITY/ISFJ_Type.md,1135,a0d9591db318ff53d5143f1ed0c61364510044d192897ae25bae17f43fbe31d0
03_PERSONALITY/ISFP_Type.md,1135,cd93297333db42809e0b126823691793d7d1c052d7be6bfcba8dac8b85ab76c1
03_PERSONALITY/ISTJ_Type.md,1135,48b5331cf89db991480131a5f9c5b41c723a7c96e022b2090b563cc0d945ab7d
03_PERSONALITY/ISTP_Type.md,1135,365c76cb6e3a727f5d3bc8e46b7fdb9f0551bdd5a7b2e62d6f14832c26a660d4
03_PERSONALITY/Manipulation_Deception.md,816,3127b4ad3a2e7220b2f01a997bf1b0ccf2bb70eb2b8c16dacb1b86c02da13e02
03_PERSONALITY/Openness.md,994,cdbf07a2cadd29dc1d4af9ae8fd0d1f417acee5b2b2103d4f1656757c0829f90
03_PERSONALITY/Organizational_Attachment.md,719,e0cb4a9b5ac18d6189e084dc81f4aba12dc7a18d2f3f7a20fc64e9f95d32bc35
03_PERSONALITY/README.md,11024,35137c2d54d2920f813bc56cf7bc5017d3dd72f4a4aef33c85abc334eec7da26
03_PERSONALITY/Secure_Attachment.md,1181,ac286fffb1bc8460b86a7d96922cc940c0f1f1089fcf6b16abef8c18e960ac89
03_PERSONALITY/Security_Culture_Implications.md,757,ac2401ad326a8866cd8b71cc66703f2cea15985068f892c80510dd2f18857ba8
03_PERSONALITY/Trust_Betrayal_Dynamics.md,618,992826c9e6daa50b782d05f78268fdf30fc2b26fa778820721c924e7c64c05c4
03_PERSONALITY/Type_1_Perfectionist.md,23088,b0ab44257a688adccd732bbb006505322fd1d40342381e3321946d75491eeb05
03_PERSONALITY/Type_2_Helper.md,23040,f7cc692af8697e6a87e4b4cdf0069fb3e0d65a813a7640041678ac43c58d2f4d
03_PERSONALITY/Type_3_Achiever.md,22979,507041c9459be2b3a46c02d0bb70b3bdd9ea5205630df2697f3ede92362935ea
03_PERSONALITY/Type_4_Individualist.md,22639,a904b8a988943141fa1dab951dffc67c37834cb5ca7f04596a6ea6c8b0442eda
03_PERSONALITY/Type_5_Investigator.md,3587,c1e1d4c21791e4b6d400b6a3dcb5705fa8bc01b9da0dd80878a056fa5aa68988
03_PERSONALITY/Type_6_Loyalist.md,1328,d6b932f20faf26287fc0a02d97db614874f11d9cbd77ca6c7629deb4ea5798c9
03_PERSONALITY/Type_7_Enthusiast.md,1328,d6b932f20faf26287fc0a02d97db614874f11d9cbd77ca6c7629deb4ea5798c9
03_PERSONALITY/Type_8_Challenger.md,1328,d6b932f20faf26287fc0a02d97db614874f11d9cbd77ca6c7629deb4ea5798c9
03_PERSONALITY/Type_9_Peacemaker.md,1328,d6b932f20faf26287fc0a02d97db614874f11d9cbd77ca6c7629deb4ea5798c9
03_PERSONALITY/Type_Dynamics.md,650,3a1a0d0d5119dcefd589d56a312873ba5ca28c29d942aab05c3bcb0b1fac013a
03_PERSONALITY/Vulnerability_Covert_Narcissism.md,858,1248dc332b9cf16f36541c30a8289974c58e171e7ba5affc1c9d6f8845921ad5
03_PERSONALITY/Wings_Integration_Paths.md,632,9b82f6ddff2f43db330fb32dd13b3a15a7dcfe76f7f0785627c4c4cdd6ab0dab
04_NOTATION_ENGINE/01_MCKENNEY_LACAN_NEO4J_SCHEMA.cypher,24184,a0ffe0b12d0460a210ec17b87019c98ef33dfc25ffa95fce770a2082d38ae11a
04_NOTATION_ENGINE/02_MCKENNEY_LACAN_CYPHER_LIBRARY.cypher,26845,2478e8845037830142eb5820f50cdb9c892c54680b4a4f292c9cd680fb065d09
04_NOTATION_ENGINE/03_MCKENNEY_LACAN_GAP_ANALYSIS.md,14140,47dddfacf1bea3cfe32526dc18057e433d43c541e672e7482069b985543e5b2e
04_NOTATION_ENGINE/04_MCKENNEY_LACAN_UNIFIED_API.yaml,37229,91df4d2dc96c55df843fadab0eaa9e7db400cd1d7037153eafcb8db6aae56c6f
04_NOTATION_ENGINE/API_PSYCHOMETRICS.md,2104,e9e90a19374604276b4c91c18f60c3f28d9f748bd523d22d9636149105e43f24
04_NOTATION_ENGINE/MUSICAL_CALCULUS_NOTATION_SYSTEM.md,2922,5b20e1a83eb355193ec6835af9b80c367b74d79ea183b80c995b08b57ae40493
04_NOTATION_ENGINE/Musica-psychometric-foundations_the_the_Clef,6050,6f8a705f30212317215cf87eedc020ec070a60d4241ca31f026f15a63a528b92
04_NOTATION_ENGINE/Musica-theory-previous-work-HevnerCircle_GilboaMAP.md,13045,c019dc5625ddab78d98b8cb0673ee885fb2f965d776fcd94e0f471d57989234f
04_NOTATION_ENGINE/Musica_integrated_framework.mc,17704,65b85ca286b25924b70a8e5a70df3586a6d4042344eedeca461e21f5f477cc7a
04_NOTATION_ENGINE/Musical_Psychometric_Foundations.md,5079,f155f78bdb004a8396cc9b6d37429de254273e525f360fb909b5dc5460cbe312
04_NOTATION_ENGINE/SYMPHONIC_CALCULUS_SWOT_REPORT.md,3639,55c1ee1972749b353499429e0eda955c9319ee4c996b03549d5ec4b3222c6e50
04_NOTATION_ENGINE/The Loman Operator_ A Topological Score of Act I.md,8913,c48df3e7f28aa5b9db517cb0eae56e23dc4c48a795341c01a6a5a40ba9aca8ae
04_NOTATION_ENGINE/musical_gnn_engine.py,4233,e5248ea1aaaf3369846bc0284c1cdcc87f1fbb255753bf5d6b5de2974b19d97e
04_NOTATION_ENGINE/symphonic_calculus_score.json,59362,94b0a7933a055fc41e636fb2ef6026ddf775a061429ed28ed6bc3faff770ac6e
05_DATA/01_scores/GRAND_UNIFIED_SCORE_SALESMAN_COMPLETE.csv,10039,547243b43b1af8e98f8cafa43f0125e95e228dd9f93f1ba8b4bfa874d32f8e34
05_DATA/01_scores/GRAND_UNIFIED_SCORE_SALESMAN_COMPLETE_FULL.csv,2438,e55d3aec831b417dfabdf2496bf5226055ffb06f65b568800d865ee6c96bf33b
05_DATA/01_scores/MCKENNEY_LACAN_SCORE_A_DOLLS_HOUSE.csv,229054,bac764c563e70fc71ea792977b0cd20d86e6f0f8a709d27ccb3069a93c1207e9
05_DATA/01_scores/MCKENNEY_LACAN_SCORE_CHERRY_ORCHARD.csv,640474,db51ca4a1fc70e74b82378b749e99b7a243db0c70816afb53b6c786db2db3f21
05_DATA/01_scores/MCKENNEY_LACAN_SCORE_HAMLET.csv,320037,04bc6781fc23c7b7c066674f376b7c912da9ac4195fd3a00ea6f243ef1fa7e18
05_DATA/01_scores/MCKENNEY_LACAN_SCORE_KING_LEAR.csv,266140,f2a5d6add22708eca7aa27516b78055023bdbc8bb5f2f1726b914485c42d6240
05_DATA/01_scores/MCKENNEY_LACAN_SCORE_MACBETH.csv,195940,3126cd452752ffc770f6866b610ac0da4aa3afc6318d881229829fc531c09002
05_DATA/01_scores/MCKENNEY_LACAN_SCORE_MISS_JULIE.csv,614950,f54f6fb3c8859d89b3eb0e1329e0af39ec8f5c5cb39a8fce3477ae970d8adc8c
05_DATA/01_scores/MCKENNEY_LACAN_SCORE_OEDIPUS_REX.csv,418019,193cfb5a991b0f6fc3f0cbda048b47b757a65faa5c16b0e704fb363fbd06e47d
05_DATA/01_scores/mckenney-lacan-calculus-deathofsalemanv1 - Beat 1-29.csv,7373,3c3431ae3cfec70c6db6ad959c99840a2548aae0d21dec93010936c2913d9793
05_DATA/01_scores/mckenney-lacan-calculus-deathofsalemanv1 - Beat 1-5.csv,1544,f01fd84821bf3026ac3fc1ac2b5b2edd7eab445fa8bdd0401ff6a1fd494e153a
05_DATA/02_source_texts/a_dolls_house.txt,149346,958820d4c521f85701b1718fbe0ccde2f2e878dc13e235ccc88a03e65272fad3
05_DATA/02_source_texts/cherry_orchard.txt,419064,f6b84ebb9004a28f9510f11f1b1f23b22b51ce0d391e895e2f6ff35f119ebb14
05_DATA/02_source_texts/hamlet.txt,180566,df57d93895266023ea635bdcaadcfae002059b8096a2b44884c0e14a5616eb77
05_DATA/02_source_texts/king_lear.txt,141179,94204aaff1d3b8ddae0aaf509346b33b6dbd70d52c610a09edfd79cdd47c83f5
05_DATA/02_source_texts/macbeth.txt,106466,9c2d2e9cb9889fb4eec8cd8eee51b792103fc8f1b8efab64c963cd0b34ef285f
05_DATA/02_source_texts/miss_julie.txt,389785,d77f8ba3706329cfc86658bb8713abbdf770748e7eac9ff90dd4520084ec8e32
05_DATA/02_source_texts/oedipus_rex.txt,244784,b820141c4c725006b1307965f65fb60027765a921d9b2c714d0329e813a0d631
05_DATA/03_generators/batch_process_classic_plays.py,9135,3af77c4e3e09f511e031036b60cd0ddeeea5eec5c0886da89aa81b7753746ee4
05_DATA/03_generators/expand_salesman_score.py,5083,8435a6b9653c0cb94c7e41a3add2e11570710330894cbe1f1383e0ec485fe921
05_DATA/03_generators/generate_complete_salesman_score.py,5024,f849652dbcbc175e6e438089abef46a051346ac09906ed7a79a52ec084c48174
05_DATA/MCKENNEY_LACAN_SCORES_GLOSSARY_AND_BRIEFING.md,13792,ed6831e7589926cd187c59adaf079595f1676c5e4f26c18cfb20cd2f164ee6e1
06_APPLICATIONS/01_cycle/Cycle_01_SEMANTIC_WEB_ONTOLOGY.md,1765,6242b8bf76ad217a330ac179903d77fe0b99178e2787fdc45bb210abd6000c44
06_APPLICATIONS/01_cycle/Cycle_02_NEURAL_TENSOR_PYTORCH.md,1822,d7b45d6a70a3e8ef6e1d1fc92cb0bdb9f6ef4d9fd44e6d44da08170e3c267156
06_APPLICATIONS/01_cycle/Cycle_03_QUANTUM_CIRCUIT_QSHARP.md,1380,403765d7d52365d681c2c50fab41a59b76b1f9e16d5274cc33572532edd0f2ff
06_APPLICATIONS/01_cycle/Cycle_04_BIOLOGICAL_ENCODING_CRISPR.md,1542,d9a510a371c8fcd661500bb585e7dce34ecf8f175da46ee01c8aaa3fa342cf97
06_APPLICATIONS/01_cycle/Cycle_05_TOPOLOGICAL_KNOT_BRAIDING.md,1455,ac5d99ad6a393a1eb68a3b7623ce21287e341cb7276a55cce0338667948146ef
06_APPLICATIONS/01_cycle/Cycle_06_HOLOGRAPHIC_MAP_ADS_CFT.md,1500,fc8ae9c044334df9fef0d419c8b38f47626b5bc5c3c39ca0b14d400eed250bae
06_APPLICATIONS/01_cycle/Cycle_07_GAME_THEORETIC_PAYOFF_NASH.md,1521,9a0820d98b684778bc21374bb44c9052616c866f8d1ba2814d7962ff43ba37cb
06_APPLICATIONS/01_cycle/Cycle_08_THERMODYNAMIC_PHASE_SPACE.md,1716,09b426c14318a54b82c75ffeccf3ba39298b420f189c63eba34a8bb0ab556f75
06_APPLICATIONS/01_cycle/Cycle_09_CATEGORY_THEORETIC_SCHEMA.md,1528,96cfc2751c73ca186d0fa3819bc17c81c6f71051a91f13d4e615c883a0f58d08
06_APPLICATIONS/01_cycle/Cycle_10_OMEGA_POINT_FINAL_SILENCE.md,1364,1e8496b3ee7957a4b1109d70ff9170eb9fd7e9c0383c18600f0035ff56c8529c
06_APPLICATIONS/02_predictive/Predictive_01_EPIDEMIC_THRESHOLDS_R0.md,2221,665591dfb30cfce574d54c534e911006d778b22160e77d125624a6f016330cdb
06_APPLICATIONS/02_predictive/Predictive_02_ISING_DYNAMICS_OPINION.md,1996,70b040dd06385fbcaf10557c0e2843941f62be422f3c9180b93826dd56d75173
06_APPLICATIONS/02_predictive/Predictive_03_GRANOVETTER_THRESHOLDS_CASCADE.md,1952,067d736c0506e07401196522110dddfd3fc37ceebc901d1a37060c5a7c71344a
06_APPLICATIONS/02_predictive/Predictive_04_BIFURCATION_THEORY_CRISIS.md,1822,e167042631298f300eeb3c9816a603b5b55ebca0cb511d1a04bb414b1aa1f7f1
06_APPLICATIONS/02_predictive/Predictive_05_CRITICAL_SLOWING_DOWN_EWS.md,1812,965c64bd21e354d94ac29aff6909d277fb277b509033cd51dbbec01f809cb4eb
06_APPLICATIONS/03_use_case_cyber/01_DISC_Assessment_Security_Applications.md,14489,8365ef9d5473e89c867fad367ff45a032f0065479264f838c9d1acecced6e3fd
06_APPLICATIONS/03_use_case_cyber/01_Psychohistory_Population_Cyber_Behavior.md,9085,64097308398422bd47829e3e85ab432d3c0137a12ed5a66ff10411cbff0f6945
06_APPLICATIONS/03_use_case_cyber/02_Demographic_Cohorts_Cyber_Threat_Landscape.md,8925,6730fbde1c40be43abaf35d488a4472137723ab113b247d8b743a56cc5fc1731
06_APPLICATIONS/03_use_case_cyber/02_Hogan_Assessments_Insider_Risk.md,31171,393f14e2cb1424f4a22f4670f6bc0f659fe5ed1c09cc058ff4418c73f7131bcc
06_APPLICATIONS/03_use_case_cyber/03_CliftonStrengths_Talent_Security_Profile.md,35978,013af8b65196c807a51769c7eac5de68be84b4a81928e57547509d88eb0347f3
06_APPLICATIONS/03_use_case_cyber/03_Urbanization_Digital_Infrastructure_Risk.md,9438,a1d43cf72143a577d971f6154f3016d5c611ab18a4fd2be3808e6a7a081671c2
06_APPLICATIONS/03_use_case_cyber/04_Generational_Analysis_Attack_Patterns.md,9408,70cec7f9d0de752748eaa988b3ee36b184725f0c6c4712bcc2607c080f26fd65
06_APPLICATIONS/03_use_case_cyber/04_PSYCHOHISTORY_EXECUTIVE_SUMMARY_v3.0_2025-11-19.text,22350,cfd8fb0b57394c4c6b4b25c56db299e6e3dc533837468b5ea55d1f31a52f1c80
06_APPLICATIONS/03_use_case_cyber/05_Socioeconomic_Stratification_Threat_Actors.md,9156,b30f8949547aedb0f187f938f6834c1801133c12b341b0a04919ae1b0584c424
06_APPLICATIONS/03_use_case_cyber/06_Cultural_Evolution_Cyber_Norms.md,9280,406beb441e322ff9ef2c6fc13ef019a9dae1c3715c8a7a15767972317cb5cebe
06_APPLICATIONS/03_use_case_cyber/Biases_Academic_Synthesis.md,14946,459b5f8f26dd9c80c6b68c4372529e25f1dc2ded8e28349b8950f37f43ccb001
06_APPLICATIONS/03_use_case_cyber/Cyber Pyschohistory.txt,54054,54cd1b65272512658ea24c9d461c81949793b62c4af99169d97a8e0a7cfd9480
06_APPLICATIONS/03_use_case_cyber/DATA_REQUIREMENTS_E1_E12_INGESTION_PLAN.md,24230,29f6f15d5e83a707185d5cd1295bb6fa7b38d2cecf3006ba64bb3964d1ef6eba
06_APPLICATIONS/03_use_case_cyber/PSYCHOHISTORY_MATH_SCHEMA.md,1628,d0861768bcb89b00241f964da9922fa3b9467aaa093658638893bb4c30f0cc74
06_APPLICATIONS/03_use_case_cyber/Pyschohistur Mckenney vision.txt,35800,c0106032dd0a3b5504f43be36a22b101596205177b99cdc44cb7777ff5f827b8
06_APPLICATIONS/03_use_case_cyber/Unified_Personality_Matrix_Academic.md,11396,d64d8f97c970a0359e262f7d4769e7c6d9ddc645c60f800dcbb9df27a724e2eb
06_APPLICATIONS/03_use_case_cyber/pyschohisotry overall.md,34254,60886c5dac88adff6c7994e93428a5ffb1463bc027d9d8fd99e077c90f1be9ab
07_LACANIAN_REFERENCE/01_Lacanian_Glossary.md,8769,cf910d26e12603be2f575f7130f1419f02419e16d2d053bf7ee715112cffbcb9
07_LACANIAN_REFERENCE/02_Library_of_Works.md,5180,b95b8a3cf44d8b67133b81228f4007a8d0ff6a79e59645322cef66d026e80c18
07_LACANIAN_REFERENCE/03_Concepts_and_Theories.md,4801,2fb2b3aa66660dcbe13c04a9493574496b80910b795b9fb387092d1c866d166f
07_LACANIAN_REFERENCE/04_Mathemes_and_Topology.md,3523,1c2a4b4c69d6200f52728f21a1e07be62e179be4fbbd0ae444fcd525c13f73b2
07_LACANIAN_REFERENCE/05_Use_Cases_and_Applications.md,3661,9a4caa4827810858796eafb81949b2422668035c1b2885c841fa9f61f1144697
07_LACANIAN_REFERENCE/Mckenney-lacan-calculus_4-0.md,9089,6d0aabc2d083e75e79fe9a0a3753f29adf200c24436580dabb2a5abd67ddbc42
08_PAPERS/CITATION-LEDGER-MPN-1.md,15439,dc6f23e6ca80b9b9f3d27669864bd13df5c10d28acf70b254e455f50c9591976
08_PAPERS/CITATION-LEDGER-MPN-2.md,17741,53c805d6855e99220b6eeaff65c62d356cce29695d2cb9586af74a0b644f9a8f
08_PAPERS/CITATION-LEDGER-MPN-3.md,19336,941c960ed4559db6e5f502e49fde42f94c62f9413dbb835c72e7c10bd621d38e
08_PAPERS/CITATION-LEDGER-MPN-4-MX.md,23592,ee452fef28d18489473f27ff937bd3ac6b728f2f3b3b062c3a6d1fbd56ea5789
08_PAPERS/CITATION-LEDGER-MPN-4.md,18482,c33f40dcc688bbdbb6b7bec2a40c5a44b40d2c215e4edbb8632c99e16b886c4b
08_PAPERS/MPN-1-foundations.md,71753,8868e8d0b25050d7993b0cd07175cfd6d66f7b6659dee0c1f18ab1c1b84fcc9d
08_PAPERS/MPN-2-notation.md,80060,709442245a179b9ba9af0e598944f496147efc33d654724f097d64c4ddedf376
08_PAPERS/MPN-3-engine.md,76363,9d1912472f09f57ec8a00fe26d6b31c0d6ea26c315c7c4f70d9f80b21fad349f
08_PAPERS/MPN-4-DELTA-EU-vs-MX.md,203567,6789908cecb928c9170e58b71fb99f345a696565ee7dccf1df3fe064c6073903
08_PAPERS/MPN-4-MX-deployment-mexico.md,90142,ebd7f63c75f1ad13b4852f5a71e0fcd775ef8a692702081eb3cb6ec9d95e572d
08_PAPERS/MPN-4-deployment.md,78800,1deff4675435dc7906fbb0eb414c1bcd2a60c1a145c4dd1849067dd0d0237796
08_PAPERS/MPN-SERIES-PLAN.md,15033,db2a9a70a35f21340e77768d07557d677f880ad4faaada74c4042b9cba22fe26
08_PAPERS/QA-MPN-1.md,22619,22327bcd24ee3fe7925b3b5772e64eae8b385991bcf516fac4565d4976031190
08_PAPERS/QA-MPN-2.md,23808,f8a1d2303edf77dd224d445e9a943aed2208a058c15982ae72bc96de4525ddce
08_PAPERS/QA-MPN-3.md,37515,da66eab956bacb60f956dae2f3b5c65b9357f5a099164986cfd540be134eaf5f
08_PAPERS/QA-MPN-4-MX.md,34968,17f91068dfcef2379ed53c18e84a435aa9f5ba7e80efeff795ab3844542e3dc2
08_PAPERS/QA-MPN-4-MXR-citations.md,49986,0e18701bcacc8cad53e0fbe064295ed90a1994a4af38e0eafcab7061080ff13b
08_PAPERS/QA-MPN-4-MXR-method.md,89282,26c5fc59b9ddd30df48fc5695eba4ce85400825f06c3b080719ae5808ea8edfa
08_PAPERS/QA-MPN-4-MXR.md,10651,d1b58bbd272c9f3a55aba7dea358494eed9dc04f270e16495b84947391dd180f
08_PAPERS/QA-MPN-4.md,43528,f7dc917dcb69cc108820f6bafc9f0532254b6e7e66509609eb3fb3c2fe39372a
08_PAPERS/RESEARCH-SYNTHESIS-2026-09-11.md,118107,8101c2ea4405f42ddab61643f105d2caaa11c4a6f09f64b3987eaa588f6a995e
08_PAPERS/SERIES-BRIEF.md,9379,46ebdec6aa8d37cab233103c827eb2739ac20f02fc7e99be3f9b4efa678c0c14
09_SNAPSHOTS/mckenney_lacan_dec_12_2025_Archive/01_Use_case_cyber/04_PSYCHOHISTORY_EXECUTIVE_SUMMARY_v3.0_2025-11-19.text,22350,cfd8fb0b57394c4c6b4b25c56db299e6e3dc533837468b5ea55d1f31a52f1c80
09_SNAPSHOTS/mckenney_lacan_dec_12_2025_Archive/01_Use_case_cyber/Biases_Academic_Synthesis.md,14946,459b5f8f26dd9c80c6b68c4372529e25f1dc2ded8e28349b8950f37f43ccb001
09_SNAPSHOTS/mckenney_lacan_dec_12_2025_Archive/01_Use_case_cyber/Cyber Pyschohistory.txt,54054,54cd1b65272512658ea24c9d461c81949793b62c4af99169d97a8e0a7cfd9480
09_SNAPSHOTS/mckenney_lacan_dec_12_2025_Archive/01_Use_case_cyber/Cyber_Corporate_Personality_Assessments/01_DISC_Assessment_Security_Applications.md,14489,8365ef9d5473e89c867fad367ff45a032f0065479264f838c9d1acecced6e3fd
09_SNAPSHOTS/mckenney_lacan_dec_12_2025_Archive/01_Use_case_cyber/Cyber_Corporate_Personality_Assessments/02_Hogan_Assessments_Insider_Risk.md,31171,393f14e2cb1424f4a22f4670f6bc0f659fe5ed1c09cc058ff4418c73f7131bcc
09_SNAPSHOTS/mckenney_lacan_dec_12_2025_Archive/01_Use_case_cyber/Cyber_Corporate_Personality_Assessments/03_CliftonStrengths_Talent_Security_Profile.md,35978,013af8b65196c807a51769c7eac5de68be84b4a81928e57547509d88eb0347f3
09_SNAPSHOTS/mckenney_lacan_dec_12_2025_Archive/01_Use_case_cyber/Cyber_Psychohistory_Demographics/01_Psychohistory_Population_Cyber_Behavior.md,9085,64097308398422bd47829e3e85ab432d3c0137a12ed5a66ff10411cbff0f6945
09_SNAPSHOTS/mckenney_lacan_dec_12_2025_Archive/01_Use_case_cyber/Cyber_Psychohistory_Demographics/02_Demographic_Cohorts_Cyber_Threat_Landscape.md,8925,6730fbde1c40be43abaf35d488a4472137723ab113b247d8b743a56cc5fc1731
09_SNAPSHOTS/mckenney_lacan_dec_12_2025_Archive/01_Use_case_cyber/Cyber_Psychohistory_Demographics/03_Urbanization_Digital_Infrastructure_Risk.md,9438,a1d43cf72143a577d971f6154f3016d5c611ab18a4fd2be3808e6a7a081671c2
09_SNAPSHOTS/mckenney_lacan_dec_12_2025_Archive/01_Use_case_cyber/Cyber_Psychohistory_Demographics/04_Generational_Analysis_Attack_Patterns.md,9408,70cec7f9d0de752748eaa988b3ee36b184725f0c6c4712bcc2607c080f26fd65
09_SNAPSHOTS/mckenney_lacan_dec_12_2025_Archive/01_Use_case_cyber/Cyber_Psychohistory_Demographics/05_Socioeconomic_Stratification_Threat_Actors.md,9156,b30f8949547aedb0f187f938f6834c1801133c12b341b0a04919ae1b0584c424
09_SNAPSHOTS/mckenney_lacan_dec_12_2025_Archive/01_Use_case_cyber/Cyber_Psychohistory_Demographics/06_Cultural_Evolution_Cyber_Norms.md,9280,406beb441e322ff9ef2c6fc13ef019a9dae1c3715c8a7a15767972317cb5cebe
09_SNAPSHOTS/mckenney_lacan_dec_12_2025_Archive/01_Use_case_cyber/PSYCHOHISTORY_MATH_SCHEMA.md,1628,d0861768bcb89b00241f964da9922fa3b9467aaa093658638893bb4c30f0cc74
09_SNAPSHOTS/mckenney_lacan_dec_12_2025_Archive/01_Use_case_cyber/Pyschohistur Mckenney vision.txt,35800,c0106032dd0a3b5504f43be36a22b101596205177b99cdc44cb7777ff5f827b8
09_SNAPSHOTS/mckenney_lacan_dec_12_2025_Archive/01_Use_case_cyber/Unified_Personality_Matrix_Academic.md,11396,d64d8f97c970a0359e262f7d4769e7c6d9ddc645c60f800dcbb9df27a724e2eb
09_SNAPSHOTS/mckenney_lacan_dec_12_2025_Archive/01_Use_case_cyber/pyschohisotry overall.md,34254,60886c5dac88adff6c7994e93428a5ffb1463bc027d9d8fd99e077c90f1be9ab
09_SNAPSHOTS/mckenney_lacan_dec_12_2025_Archive/02.5_Personality_Frameworks/01_DISC_Assessment_Security_Applications.md,14489,8365ef9d5473e89c867fad367ff45a032f0065479264f838c9d1acecced6e3fd
09_SNAPSHOTS/mckenney_lacan_dec_12_2025_Archive/02.5_Personality_Frameworks/02_Hogan_Assessments_Insider_Risk.md,31171,393f14e2cb1424f4a22f4670f6bc0f659fe5ed1c09cc058ff4418c73f7131bcc
09_SNAPSHOTS/mckenney_lacan_dec_12_2025_Archive/02.5_Personality_Frameworks/03_CliftonStrengths_Talent_Security_Profile.md,35978,013af8b65196c807a51769c7eac5de68be84b4a81928e57547509d88eb0347f3
09_SNAPSHOTS/mckenney_lacan_dec_12_2025_Archive/02.5_Personality_Frameworks/Agreeableness.md,994,cdbf07a2cadd29dc1d4af9ae8fd0d1f417acee5b2b2103d4f1656757c0829f90
09_SNAPSHOTS/mckenney_lacan_dec_12_2025_Archive/02.5_Personality_Frameworks/Anxious_Preoccupied_Attachment.md,1194,e31310a0e610adc6427592de3d75d6b8ff86fdee1d229d3b6c79e2a250df4e01
09_SNAPSHOTS/mckenney_lacan_dec_12_2025_Archive/02.5_Personality_Frameworks/COMPLETION_REPORT.md,7323,ccbe83e24f664edb17cfe37dedbd5de4eaccd1f8ab9659972bb98895beeb077b
09_SNAPSHOTS/mckenney_lacan_dec_12_2025_Archive/02.5_Personality_Frameworks/Cognitive_Functions.md,1021,b40dc9029aa5c1da51cce6efb475af6ca6b0447dbe4938667a23ada8c27fa63d
09_SNAPSHOTS/mckenney_lacan_dec_12_2025_Archive/02.5_Personality_Frameworks/Conscientiousness.md,994,cdbf07a2cadd29dc1d4af9ae8fd0d1f417acee5b2b2103d4f1656757c0829f90
09_SNAPSHOTS/mckenney_lacan_dec_12_2025_Archive/02.5_Personality_Frameworks/Corporate_Psychopathy_Factor1.md,1182,4ccc4163384dba68dbaab1e446499562336681a1cc30c7411583b39c33d02a2a
09_SNAPSHOTS/mckenney_lacan_dec_12_2025_Archive/02.5_Personality_Frameworks/Corporate_Psychopathy_Factor2.md,1046,f5932d24ae2dfb8b3f88cfc2be5b562005e80f9c21682480842597fe1a9af436
09_SNAPSHOTS/mckenney_lacan_dec_12_2025_Archive/02.5_Personality_Frameworks/Dismissive_Avoidant_Attachment.md,1194,48bb8e0ef6f48c4e4dc4034879e4695dfb4373b90b75acb436b828623bfcca40
09_SNAPSHOTS/mckenney_lacan_dec_12_2025_Archive/02.5_Personality_Frameworks/ENFJ_Type.md,1135,aab3576d740b0157a45312bc7b6b4a0f50ff92dbec5a73d30b7c9b23e17f27ab
09_SNAPSHOTS/mckenney_lacan_dec_12_2025_Archive/02.5_Personality_Frameworks/ENFP_Type.md,1135,6e46485c37f3db4a0377f013ec91d313f0f6ff73a24b935116aa7e43be43844d
09_SNAPSHOTS/mckenney_lacan_dec_12_2025_Archive/02.5_Personality_Frameworks/ENTJ_Type.md,1135,e6ac71a2df7f88532a93fdb3c9a28b31d8dd1a220f8045a8cc78be72ecfa6472
09_SNAPSHOTS/mckenney_lacan_dec_12_2025_Archive/02.5_Personality_Frameworks/ENTP_Type.md,1135,80267e34d795d6be7a7be7c394a7942e9a4cc89b47b64d2909e2b68b0a1c575a
09_SNAPSHOTS/mckenney_lacan_dec_12_2025_Archive/02.5_Personality_Frameworks/ESFJ_Type.md,1135,01e2285ccf77c52c3d63ff8f6d4e1d4bc36970c74ed3abf0e842b13e2850a80d
09_SNAPSHOTS/mckenney_lacan_dec_12_2025_Archive/02.5_Personality_Frameworks/ESFP_Type.md,1135,233e187cd54161bad51ab966b0eca118afdd0ee88650e8b2fd062f2217f387a0
09_SNAPSHOTS/mckenney_lacan_dec_12_2025_Archive/02.5_Personality_Frameworks/ESTJ_Type.md,1135,b664df854988e4406653f3d2a2fa29a33dc0bdabc8affe1a6fb19bda8c5cd7dd
09_SNAPSHOTS/mckenney_lacan_dec_12_2025_Archive/02.5_Personality_Frameworks/ESTP_Type.md,1135,5aa27b51946c1bd8a41c654fa26522f4ce5db45ed4143cb5a06697c92735434e
09_SNAPSHOTS/mckenney_lacan_dec_12_2025_Archive/02.5_Personality_Frameworks/Emotionality.md,994,cdbf07a2cadd29dc1d4af9ae8fd0d1f417acee5b2b2103d4f1656757c0829f90
09_SNAPSHOTS/mckenney_lacan_dec_12_2025_Archive/02.5_Personality_Frameworks/Entitlement_Exploitativeness.md,912,d96a1439a90713577443299d2938ac42cbccb2a51a870279f0b0490deba7516a
09_SNAPSHOTS/mckenney_lacan_dec_12_2025_Archive/02.5_Personality_Frameworks/Extraversion.md,994,cdbf07a2cadd29dc1d4af9ae8fd0d1f417acee5b2b2103d4f1656757c0829f90
09_SNAPSHOTS/mckenney_lacan_dec_12_2025_Archive/02.5_Personality_Frameworks/Fearful_Avoidant_Attachment.md,1191,07c16263895780f967ee83298c2025cf22f2e5313d93657790493438c9baf6a5
09_SNAPSHOTS/mckenney_lacan_dec_12_2025_Archive/02.5_Personality_Frameworks/Grandiosity_Leadership.md,1215,79ada40dd7602dc46c466db843f1a22a53c319985aff85fa0c2bb324dc2e2dea
09_SNAPSHOTS/mckenney_lacan_dec_12_2025_Archive/02.5_Personality_Frameworks/HEXACO_Profiles.md,673,cc54820c75e65f84825e360023688aa67fab3eb734ab28d62d14643e72af7575
09_SNAPSHOTS/mckenney_lacan_dec_12_2025_Archive/02.5_Personality_Frameworks/Honesty-Humility.md,994,cdbf07a2cadd29dc1d4af9ae8fd0d1f417acee5b2b2103d4f1656757c0829f90
09_SNAPSHOTS/mckenney_lacan_dec_12_2025_Archive/02.5_Personality_Frameworks/INFJ_Type.md,1135,d8156cfc112fe0845a8a943f38ac828863cf39380506b2b21bb9ade718648d20
09_SNAPSHOTS/mckenney_lacan_dec_12_2025_Archive/02.5_Personality_Frameworks/INFP_Type.md,1135,7b2d60ec42a266ce86771daa6367ee43406ebe848de223e75c910e7890dcb074
09_SNAPSHOTS/mckenney_lacan_dec_12_2025_Archive/02.5_Personality_Frameworks/INTJ_Type.md,1135,21f6edcbaa12f78e5ab3b88f5011bad48901a0810e67e9ee240e5400f78daf6f
09_SNAPSHOTS/mckenney_lacan_dec_12_2025_Archive/02.5_Personality_Frameworks/INTP_Type.md,1135,bb3e994b22c8092bdf0ce03ff3f8389d306eb58c9d27a3885f99c181d5ac03fd
09_SNAPSHOTS/mckenney_lacan_dec_12_2025_Archive/02.5_Personality_Frameworks/ISFJ_Type.md,1135,a0d9591db318ff53d5143f1ed0c61364510044d192897ae25bae17f43fbe31d0
09_SNAPSHOTS/mckenney_lacan_dec_12_2025_Archive/02.5_Personality_Frameworks/ISFP_Type.md,1135,cd93297333db42809e0b126823691793d7d1c052d7be6bfcba8dac8b85ab76c1
09_SNAPSHOTS/mckenney_lacan_dec_12_2025_Archive/02.5_Personality_Frameworks/ISTJ_Type.md,1135,48b5331cf89db991480131a5f9c5b41c723a7c96e022b2090b563cc0d945ab7d
09_SNAPSHOTS/mckenney_lacan_dec_12_2025_Archive/02.5_Personality_Frameworks/ISTP_Type.md,1135,365c76cb6e3a727f5d3bc8e46b7fdb9f0551bdd5a7b2e62d6f14832c26a660d4
09_SNAPSHOTS/mckenney_lacan_dec_12_2025_Archive/02.5_Personality_Frameworks/Manipulation_Deception.md,816,3127b4ad3a2e7220b2f01a997bf1b0ccf2bb70eb2b8c16dacb1b86c02da13e02
09_SNAPSHOTS/mckenney_lacan_dec_12_2025_Archive/02.5_Personality_Frameworks/Openness.md,994,cdbf07a2cadd29dc1d4af9ae8fd0d1f417acee5b2b2103d4f1656757c0829f90
09_SNAPSHOTS/mckenney_lacan_dec_12_2025_Archive/02.5_Personality_Frameworks/Organizational_Attachment.md,719,e0cb4a9b5ac18d6189e084dc81f4aba12dc7a18d2f3f7a20fc64e9f95d32bc35
09_SNAPSHOTS/mckenney_lacan_dec_12_2025_Archive/02.5_Personality_Frameworks/README.md,11024,35137c2d54d2920f813bc56cf7bc5017d3dd72f4a4aef33c85abc334eec7da26
09_SNAPSHOTS/mckenney_lacan_dec_12_2025_Archive/02.5_Personality_Frameworks/Secure_Attachment.md,1181,ac286fffb1bc8460b86a7d96922cc940c0f1f1089fcf6b16abef8c18e960ac89
09_SNAPSHOTS/mckenney_lacan_dec_12_2025_Archive/02.5_Personality_Frameworks/Security_Culture_Implications.md,757,ac2401ad326a8866cd8b71cc66703f2cea15985068f892c80510dd2f18857ba8
09_SNAPSHOTS/mckenney_lacan_dec_12_2025_Archive/02.5_Personality_Frameworks/Trust_Betrayal_Dynamics.md,618,992826c9e6daa50b782d05f78268fdf30fc2b26fa778820721c924e7c64c05c4
09_SNAPSHOTS/mckenney_lacan_dec_12_2025_Archive/02.5_Personality_Frameworks/Type_1_Perfectionist.md,23088,b0ab44257a688adccd732bbb006505322fd1d40342381e3321946d75491eeb05
09_SNAPSHOTS/mckenney_lacan_dec_12_2025_Archive/02.5_Personality_Frameworks/Type_2_Helper.md,23040,f7cc692af8697e6a87e4b4cdf0069fb3e0d65a813a7640041678ac43c58d2f4d
09_SNAPSHOTS/mckenney_lacan_dec_12_2025_Archive/02.5_Personality_Frameworks/Type_3_Achiever.md,22979,507041c9459be2b3a46c02d0bb70b3bdd9ea5205630df2697f3ede92362935ea
09_SNAPSHOTS/mckenney_lacan_dec_12_2025_Archive/02.5_Personality_Frameworks/Type_4_Individualist.md,22639,a904b8a988943141fa1dab951dffc67c37834cb5ca7f04596a6ea6c8b0442eda
09_SNAPSHOTS/mckenney_lacan_dec_12_2025_Archive/02.5_Personality_Frameworks/Type_5_Investigator.md,3587,c1e1d4c21791e4b6d400b6a3dcb5705fa8bc01b9da0dd80878a056fa5aa68988
09_SNAPSHOTS/mckenney_lacan_dec_12_2025_Archive/02.5_Personality_Frameworks/Type_6_Loyalist.md,1328,d6b932f20faf26287fc0a02d97db614874f11d9cbd77ca6c7629deb4ea5798c9
09_SNAPSHOTS/mckenney_lacan_dec_12_2025_Archive/02.5_Personality_Frameworks/Type_7_Enthusiast.md,1328,d6b932f20faf26287fc0a02d97db614874f11d9cbd77ca6c7629deb4ea5798c9
09_SNAPSHOTS/mckenney_lacan_dec_12_2025_Archive/02.5_Personality_Frameworks/Type_8_Challenger.md,1328,d6b932f20faf26287fc0a02d97db614874f11d9cbd77ca6c7629deb4ea5798c9
09_SNAPSHOTS/mckenney_lacan_dec_12_2025_Archive/02.5_Personality_Frameworks/Type_9_Peacemaker.md,1328,d6b932f20faf26287fc0a02d97db614874f11d9cbd77ca6c7629deb4ea5798c9
09_SNAPSHOTS/mckenney_lacan_dec_12_2025_Archive/02.5_Personality_Frameworks/Type_Dynamics.md,650,3a1a0d0d5119dcefd589d56a312873ba5ca28c29d942aab05c3bcb0b1fac013a
09_SNAPSHOTS/mckenney_lacan_dec_12_2025_Archive/02.5_Personality_Frameworks/Vulnerability_Covert_Narcissism.md,858,1248dc332b9cf16f36541c30a8289974c58e171e7ba5affc1c9d6f8845921ad5
09_SNAPSHOTS/mckenney_lacan_dec_12_2025_Archive/02.5_Personality_Frameworks/Wings_Integration_Paths.md,632,9b82f6ddff2f43db330fb32dd13b3a15a7dcfe76f7f0785627c4c4cdd6ab0dab
09_SNAPSHOTS/mckenney_lacan_dec_12_2025_Archive/02_biases/Unfiied_Framework_Biases_Mckenney/Biases_individual/01_Availability_Heuristic_Security.md,15302,bd4b67313a5122ea6e3823c623e5985f17d0696ebe1965439b47cdfb28101606
09_SNAPSHOTS/mckenney_lacan_dec_12_2025_Archive/02_biases/Unfiied_Framework_Biases_Mckenney/Biases_individual/01_Base_Rate_Fallacy_Threat_Assessment.md,13941,709aa4721ef6ae24e59c7cef124c5747403f18a08d655223f6774e27986de56c
09_SNAPSHOTS/mckenney_lacan_dec_12_2025_Archive/02_biases/Unfiied_Framework_Biases_Mckenney/Biases_individual/01_Cognitive_Biases_In_Security_Operations.md,22119,923a77747c6c02f219953408594ec97a69f4daa9563684f04199a2525a11dcbe
09_SNAPSHOTS/mckenney_lacan_dec_12_2025_Archive/02_biases/Unfiied_Framework_Biases_Mckenney/Biases_individual/01_Hindsight_Bias_Incident_Analysis.md,18760,cb9cb7678de67b55c8325d3e85f71ab5d5b22f9cd8c69f9d5d593d40368cacc3
09_SNAPSHOTS/mckenney_lacan_dec_12_2025_Archive/02_biases/Unfiied_Framework_Biases_Mckenney/Biases_individual/01_Ingroup_Bias_Team_Dynamics.md,18131,8cbd208079f54100721035317a3fec22bbdd6280b7d3a39441ef335532be1a65
09_SNAPSHOTS/mckenney_lacan_dec_12_2025_Archive/02_biases/Unfiied_Framework_Biases_Mckenney/Biases_individual/02_Anchoring_Bias_Risk_Assessment.md,18916,c5a5313cf5b0f4cd7c478c6347b4cf4e6ea35e7bfc81bf776ef028d29ac21e96
09_SNAPSHOTS/mckenney_lacan_dec_12_2025_Archive/02_biases/Unfiied_Framework_Biases_Mckenney/Biases_individual/02_Behavioral_Economics_Security_Decisions.md,22349,3e9cd449e4bafb4fa7f0fb5b9fa423203127b3ee720bffca3e319f4388c6aaf0
09_SNAPSHOTS/mckenney_lacan_dec_12_2025_Archive/02_biases/Unfiied_Framework_Biases_Mckenney/Biases_individual/02_Fundamental_Attribution_Error.md,7251,e1d5c4801462045909b479784e049bc5bc5ad647bda550526b69aff38f3e1302
09_SNAPSHOTS/mckenney_lacan_dec_12_2025_Archive/02_biases/Unfiied_Framework_Biases_Mckenney/Biases_individual/03_Insider_Threat_Cognitive_Biases.md,21690,80241650ce72de1d66c09b0a13b0aa477390912b4fa5a5a00a97fa1476c25539
09_SNAPSHOTS/mckenney_lacan_dec_12_2025_Archive/02_biases/Unfiied_Framework_Biases_Mckenney/Biases_individual/03_Sunk_Cost_Fallacy_Security.md,18060,506248b36f67a72fb40233de933a710e69bce975528a693006fa73855db780c5
09_SNAPSHOTS/mckenney_lacan_dec_12_2025_Archive/02_biases/Unfiied_Framework_Biases_Mckenney/Biases_individual/04_Framing_Effect_Security_Communications.md,19381,8757fa21fa0e941c1ae20077de0196a4ed190121c1e5a00601b2dae333a2b694
09_SNAPSHOTS/mckenney_lacan_dec_12_2025_Archive/02_biases/Unfiied_Framework_Biases_Mckenney/Biases_individual/04_Social_Engineering_Cognitive_Exploits.md,24971,c61d22594cfd64018f60bcf52fcb499a2e35f4a1be3e53bf2dbdfbfcca5caead
09_SNAPSHOTS/mckenney_lacan_dec_12_2025_Archive/02_biases/Unfiied_Framework_Biases_Mckenney/Biases_individual/05_Status_Quo_Bias.md,5780,887ce8842a279963314bee627363552b5a1d6da82fcd61e80e8d1282190c1f6c
09_SNAPSHOTS/mckenney_lacan_dec_12_2025_Archive/02_biases/Unfiied_Framework_Biases_Mckenney/Biases_individual/06_Representativeness_Heuristic.md,6821,aad36650d2a9b0c2429baa3a68d74922f97a7021477e5f9c9c7a42006c07b570
09_SNAPSHOTS/mckenney_lacan_dec_12_2025_Archive/02_biases/Unfiied_Framework_Biases_Mckenney/Biases_individual/07_Confirmation_Bias_Investigation.md,7465,dd45a1ea773e446a127df0a755d34630452b0a110971ac07d6bdf16a1e9a5204
09_SNAPSHOTS/mckenney_lacan_dec_12_2025_Archive/02_biases/Unfiied_Framework_Biases_Mckenney/Biases_individual/08_Overconfidence_Bias_Security.md,6369,8b331a0b4830c080528815eee1745c2142d2a4d6a0eb2141b12f1651385eb712
09_SNAPSHOTS/mckenney_lacan_dec_12_2025_Archive/02_biases/Unfiied_Framework_Biases_Mckenney/Biases_individual/Attentional_Bias_Threat.md,29652,b9d51923d7624ba8f4e1cb40bb5e0347971a05262ea95905651f7ded738f7859
09_SNAPSHOTS/mckenney_lacan_dec_12_2025_Archive/02_biases/Unfiied_Framework_Biases_Mckenney/Biases_individual/Authority_Bias.md,29400,3d072b5a15bb9e4a24a68802880c7c01999071a64a7bcb230cf61982c1b05ba1
09_SNAPSHOTS/mckenney_lacan_dec_12_2025_Archive/02_biases/Unfiied_Framework_Biases_Mckenney/Biases_individual/Bandwagon_Effect_Bias.md,31036,869ee4460081be660965120fe1a79916bc89fddfaac64216cd0681f129e46b10
09_SNAPSHOTS/mckenney_lacan_dec_12_2025_Archive/02_biases/Unfiied_Framework_Biases_Mckenney/Biases_individual/Base_Rate_Fallacy_Bias.md,23568,cb812e08c4929360418183cb1fcd6aae2a8ef222faefd11754ac23351161b61b
09_SNAPSHOTS/mckenney_lacan_dec_12_2025_Archive/02_biases/Unfiied_Framework_Biases_Mckenney/Biases_individual/COMPLETION_REPORT.md,10583,a0dc587fdc9d02cb7492a8c901250bcac9b0ce4695fab102855271006b73cfa3
09_SNAPSHOTS/mckenney_lacan_dec_12_2025_Archive/02_biases/Unfiied_Framework_Biases_Mckenney/Biases_individual/Change_Blindness_Bias.md,28895,85c6f291a4dfc001ce149e217404cce1781f65167c3b2ee0195a53d1352196a6
09_SNAPSHOTS/mckenney_lacan_dec_12_2025_Archive/02_biases/Unfiied_Framework_Biases_Mckenney/Biases_individual/Cocktail_Party_Effect_Bias.md,30531,7b90ab26c6fa6cdd3e35c6796ff8d4c00f90971400e5de895c67ba50239cc36b
09_SNAPSHOTS/mckenney_lacan_dec_12_2025_Archive/02_biases/Unfiied_Framework_Biases_Mckenney/Biases_individual/Conjunction_Fallacy_Bias.md,27305,d4dc00af3f35901b1703ddd48cccbd3d21f692b9125b6644bb3a2e722e460e9e
09_SNAPSHOTS/mckenney_lacan_dec_12_2025_Archive/02_biases/Unfiied_Framework_Biases_Mckenney/Biases_individual/Cryptomnesia_Bias.md,51268,6eccdf69b7d42e056c706324964e2808409cac6e15047a809426d1171c312375
09_SNAPSHOTS/mckenney_lacan_dec_12_2025_Archive/02_biases/Unfiied_Framework_Biases_Mckenney/Biases_individual/EXECUTIVE_SUMMARY.md,12230,f4ce04853ff2bffdba3093c64f91c9d5d06b96e4fecbcb127268521c862a73cf
09_SNAPSHOTS/mckenney_lacan_dec_12_2025_Archive/02_biases/Unfiied_Framework_Biases_Mckenney/Biases_individual/False_Consensus_Effect_Bias.md,29734,20c755c4b3e5a40e7c53b4aa1d49609ecbf8c891a767ce82606c4c70fbfe92cf
09_SNAPSHOTS/mckenney_lacan_dec_12_2025_Archive/02_biases/Unfiied_Framework_Biases_Mckenney/Biases_individual/False_Memory_Bias.md,52173,b1d24ad48a2b0c1bc408f0fdddd49ad73cdbe1b76cced253737bdccadc0dd754
09_SNAPSHOTS/mckenney_lacan_dec_12_2025_Archive/02_biases/Unfiied_Framework_Biases_Mckenney/Biases_individual/Frequency_Illusion_Bias.md,28753,14db5ec15c760249f13f6c644a75fd310d5dca224af0025b1ba5dadf486828f5
09_SNAPSHOTS/mckenney_lacan_dec_12_2025_Archive/02_biases/Unfiied_Framework_Biases_Mckenney/Biases_individual/Gamblers_Fallacy_Bias.md,26228,41fba28d043cc76f47c2031b43c745af534ce4e9926b64547791f76671083c5e
09_SNAPSHOTS/mckenney_lacan_dec_12_2025_Archive/02_biases/Unfiied_Framework_Biases_Mckenney/Biases_individual/Groupthink_Bias.md,25561,117e0918d74e2953dbf6951816ca0df725a9e375f24efd0bc4b6c94373b1f4a4
09_SNAPSHOTS/mckenney_lacan_dec_12_2025_Archive/02_biases/Unfiied_Framework_Biases_Mckenney/Biases_individual/Hot_Hand_Fallacy_Bias.md,27425,e556da9466d52d4f0aee0cadf843ed7eea61378257d4fed4c81fc5705b9ac333
09_SNAPSHOTS/mckenney_lacan_dec_12_2025_Archive/02_biases/Unfiied_Framework_Biases_Mckenney/Biases_individual/Inattentional_Blindness_Bias.md,19899,d56d65ab5efd609cc34322c2ddceae277573d702015da1329f1a7eae9eae2f5e
09_SNAPSHOTS/mckenney_lacan_dec_12_2025_Archive/02_biases/Unfiied_Framework_Biases_Mckenney/Biases_individual/Peak_End_Rule_Bias.md,41264,84acc4fac9b5a07a59c6a405c2bc70abc8c25670d22f7399be6572fdd58edd7b
09_SNAPSHOTS/mckenney_lacan_dec_12_2025_Archive/02_biases/Unfiied_Framework_Biases_Mckenney/Biases_individual/Pluralistic_Ignorance_Bias.md,30676,5cc74a6d34b264af30ba264a8f6af90d59887faf175f18829a2e7937f465febc
09_SNAPSHOTS/mckenney_lacan_dec_12_2025_Archive/02_biases/Unfiied_Framework_Biases_Mckenney/Biases_individual/Regression_to_Mean_Bias.md,29341,3ca773859759678812a2e7bd4d410a8404e2016eacaf6eef8fed3b1896c13bd6
09_SNAPSHOTS/mckenney_lacan_dec_12_2025_Archive/02_biases/Unfiied_Framework_Biases_Mckenney/Biases_individual/Rosy_Retrospection_Bias.md,42983,da179d9113d6e5bbda7f58f74adfe2c81543516a12d4311f9d0440d76c744274
09_SNAPSHOTS/mckenney_lacan_dec_12_2025_Archive/02_biases/Unfiied_Framework_Biases_Mckenney/Biases_individual/Sample_Size_Neglect_Bias.md,31108,abd3ea6434b9955df65aa047185c5499667ae4cada27c37731cc465c5e09bbf6
09_SNAPSHOTS/mckenney_lacan_dec_12_2025_Archive/02_biases/Unfiied_Framework_Biases_Mckenney/Biases_individual/Selective_Attention_Bias.md,28675,341512fe1f9a92afff44bc4ad2ac8d0488f4f9b92f6d08f56748c191c9abcf9a
09_SNAPSHOTS/mckenney_lacan_dec_12_2025_Archive/02_biases/Unfiied_Framework_Biases_Mckenney/Biases_individual/Shared_Information_Bias.md,28188,ba61eb46660c9b89a1708958a613be0a0980c5d506ac2b240c5a6d1ada1db444
09_SNAPSHOTS/mckenney_lacan_dec_12_2025_Archive/02_biases/Unfiied_Framework_Biases_Mckenney/Biases_individual/Social_Biases_Just_World_Hypothesis.md,23488,07db3be6b4ec93e6dd84293bf0c003872f17ea0bbf1ccebbf0320e0030404e6d
09_SNAPSHOTS/mckenney_lacan_dec_12_2025_Archive/02_biases/Unfiied_Framework_Biases_Mckenney/Biases_individual/Social_Biases_OutGroup_Homogeneity.md,32169,87750602d3d95dbeec4a7aa8381ce74c5477b7c77b23a0964b97f391ab8bcafe
09_SNAPSHOTS/mckenney_lacan_dec_12_2025_Archive/02_biases/Unfiied_Framework_Biases_Mckenney/Biases_individual/Social_Biases_Self_Serving.md,30684,df4fadda36ab62d9e2484334f7213a875df58e36097bd5cf3741c6468565b6e4
09_SNAPSHOTS/mckenney_lacan_dec_12_2025_Archive/02_biases/Unfiied_Framework_Biases_Mckenney/Biases_individual/Source_Confusion_Bias.md,65069,d47c4cc9c48d133b91acae3fee95ddc2e8de82d21856de214d9204cc2e6a2eef
09_SNAPSHOTS/mckenney_lacan_dec_12_2025_Archive/02_biases/Unfiied_Framework_Biases_Mckenney/Biases_individual/System_Justification_Bias.md,31350,05eb5265949282ae30556b9c2d7e8a7caf3730107c2568e580fe3a40fb27821d
09_SNAPSHOTS/mckenney_lacan_dec_12_2025_Archive/03_mckenney-lacan-neural/QDRANT.md,501,86d1f936ace5c0cf927c90b20d29a65cff7b20b2f75b9125b8f9163eba6481cf
09_SNAPSHOTS/mckenney_lacan_dec_12_2025_Archive/03_mckenney-lacan-neural/README.md,2483,a766be97d92d081286f5aef9a842e0104b738eb0d9b0de6a160358bbd5d56150
09_SNAPSHOTS/mckenney_lacan_dec_12_2025_Archive/04_Background/Infrastructure/backend.md,4557,3607324c73b5c4d435e336d83e1e9d436d0b0583164e60465a50df542e88565b
09_SNAPSHOTS/mckenney_lacan_dec_12_2025_Archive/04_Background/data_repositories/README.md,1599,7e0471dc6523bacbeb3d3bfc28556f6d44aaf0d18a450d98ed87955f75064742
09_SNAPSHOTS/mckenney_lacan_dec_12_2025_Archive/04_Background/data_repositories/ingest_demographics.py,9132,970cace0bf9ee5893380924cbf2acd1dd862b6001adb50f9316db46a3ec84134
09_SNAPSHOTS/mckenney_lacan_dec_12_2025_Archive/04_Background/data_repositories/kaggle_datasets/README.md,540,bcb10d4120a734af4696215f1e9ee8d6735167d86cb5babd7a6d905d9f76d2db
09_SNAPSHOTS/mckenney_lacan_dec_12_2025_Archive/04_Background/data_repositories/kaggle_datasets/parse_csv_data.py,3097,f1800ad8ff56975a363a1b745c55fef34e68c60df7b3f3db440cddb48a631438
09_SNAPSHOTS/mckenney_lacan_dec_12_2025_Archive/04_Background/data_repositories/requirements.txt,17,1d277ef3981a3e49b02912a0f03fe1ab563539d7e4e1b5c1e6404a57b19d883f
09_SNAPSHOTS/mckenney_lacan_dec_12_2025_Archive/04_Background/data_repositories/us_census/README.md,579,2e08a5274a490746521cd0d511a2f9b651b8e86b759c3c67360251f57bbba090
09_SNAPSHOTS/mckenney_lacan_dec_12_2025_Archive/04_Background/data_repositories/us_census/fetch_census_data.py,1628,d040f2e1b0b3f40ad1f68435a9d87e89e8c65f3878934dba8d42530c3fcfd7ad
09_SNAPSHOTS/mckenney_lacan_dec_12_2025_Archive/04_Background/data_repositories/world_bank/data/demographic_knowledge_graph_data.json,294614,1b8b67f0a600d0b936620e124ae99e0c69424931cb96aac6569a94f7737c75d1
09_SNAPSHOTS/mckenney_lacan_dec_12_2025_Archive/04_Background/data_repositories/world_bank/fetch_world_bank_data.py,4206,c04c441d7a0c4a59796025740c1e4f42c9f0bc1bf9864701ed3693faee56b8c9
09_SNAPSHOTS/mckenney_lacan_dec_12_2025_Archive/05_mckenney_lacan_theory_working/00_INDEX.md,6163,982aa6068ad79bc968fd4a8ce7812ab5e0510a5d8186d46552fb7380ddc3b4e1
09_SNAPSHOTS/mckenney_lacan_dec_12_2025_Archive/05_mckenney_lacan_theory_working/01_Foundations.md,23216,6056ab3ddfb9dc5ddc300c1480b85d0f39998cb08b32823d6621e70d2aafbbea
09_SNAPSHOTS/mckenney_lacan_dec_12_2025_Archive/05_mckenney_lacan_theory_working/4 final integration of Jordan-Lacan and Fractals with biases.md,7922,7b3a90ee364d0fbabc91802430db1d647dbb92f30d15a89e4ae3395664e58622
09_SNAPSHOTS/mckenney_lacan_dec_12_2025_Archive/05_mckenney_lacan_theory_working/Aggressive Sales & Marketing Techniques Explored.docx,32030,b42d22d0464fa5b8fac40a8a51c647fa14bc7814dff7238846772677b79a1c65
09_SNAPSHOTS/mckenney_lacan_dec_12_2025_Archive/05_mckenney_lacan_theory_working/COGNITIVE_BIAS_REFERENCE.md,84264,9539b467fc8a5e3fbcfa045893e8fdaafc49790b7b832da661d9ffb5f0fdf918
09_SNAPSHOTS/mckenney_lacan_dec_12_2025_Archive/05_mckenney_lacan_theory_working/CRITICAL_REVIEW_V7_DIAMOND.md,6942,df51ee3faca0959450dc3ca5696d6fb813abc27a2fa551349c973bfe4697c2e1
09_SNAPSHOTS/mckenney_lacan_dec_12_2025_Archive/05_mckenney_lacan_theory_working/Sales Frameworks_ Theory and Psychology.docx,32241,90a6fad71f8b97b72eec284f249d45c802412d832b2e6ac047d8c47e7e2f4f16
09_SNAPSHOTS/mckenney_lacan_dec_12_2025_Archive/05_mckenney_lacan_theory_working/Terminology_Glossary.md,1063,ec060af129731288c980928f3a0005c058508dc20928ea5918deab6ce5c86a03
09_SNAPSHOTS/mckenney_lacan_dec_12_2025_Archive/05_mckenney_lacan_theory_working/Unfiied_Pyschometric_Field_Theory_Universal.md,35026,e9e64c41f7ea6a05d107cbd23a7a3f73ceefff956d9319cd01675e8a83f461f1
09_SNAPSHOTS/mckenney_lacan_dec_12_2025_Archive/05_mckenney_lacan_theory_working/chapters/02_Core_Axioms_and_Vector.md,6568,c5782668be508312d1b726139df44948a24e610608fb2d2962aa365116e0f2be
09_SNAPSHOTS/mckenney_lacan_dec_12_2025_Archive/05_mckenney_lacan_theory_working/chapters/03_Phase_Transition_and_Stress_Cascade.md,7560,23b3f481e0b4f597e6780e8bf9543156d4b6e3e1aa5b46096b69842924176f48
09_SNAPSHOTS/mckenney_lacan_dec_12_2025_Archive/05_mckenney_lacan_theory_working/chapters/04_Directors_Score.md,3209,d6025a1481e877d8f1d90abf8c282cec1a9d536dea3b1ef6b45d65ae97da7955
09_SNAPSHOTS/mckenney_lacan_dec_12_2025_Archive/05_mckenney_lacan_theory_working/chapters/05_Case_Studies_and_Neural_Network_Hiring.md,5660,e892148207b5f6e52b22762aa4e9112e1950436ee7bf4c602b0374d9498de118
09_SNAPSHOTS/mckenney_lacan_dec_12_2025_Archive/05_mckenney_lacan_theory_working/chapters/07_Future_Math_Placeholders.md,2674,4d6e4ff3e84567b89d5821919c90c72fcc5e7017bb2abf1c5f1fc569378b44a4
09_SNAPSHOTS/mckenney_lacan_dec_12_2025_Archive/05_mckenney_lacan_theory_working/expanded_appendices.md,9581,7b21dd8a5955d7562a109eaf4489f27ba876a0fa3fbc5bd3399051883726159a
09_SNAPSHOTS/mckenney_lacan_dec_12_2025_Archive/05_mckenney_lacan_theory_working/mckenney_lacan_calculus.md,906,090954587372df3897c537821af7d5803a28689389bafaa29a828d76481b38c5
09_SNAPSHOTS/mckenney_lacan_dec_12_2025_Archive/06_mckenney_lacan_theory_application/Architecture/Power Plant Equipment and Systems Inventory.docx,6228825,fcb717bc78d8fc2eb775cf0b637588fde51d2176dc63a27dca877d0d45162b15
09_SNAPSHOTS/mckenney_lacan_dec_12_2025_Archive/06_mckenney_lacan_theory_application/Architecture/Water Treatment Facilities Data Request.docx,6203123,25164bc9bfdafab6fccbb9b92ee9da6a575eda2ee9f4d5143ca7bc2f28b32aeb
09_SNAPSHOTS/mckenney_lacan_dec_12_2025_Archive/06_mckenney_lacan_theory_application/IEC_62443_TS50701/3D Digital Twin Stirring Engine Blueprint.md,38844,ce603713f1cafc924bbf4a8747509faa84351c803c41bc38ed6788cad6806f13
09_SNAPSHOTS/mckenney_lacan_dec_12_2025_Archive/06_mckenney_lacan_theory_application/IEC_62443_TS50701/3d_Babylon 3D Engine.md,1914,6c7f61e80aba3c4cb7643cf812fdadde2320ea645c9da93e0f9d5f2a46973e7c
09_SNAPSHOTS/mckenney_lacan_dec_12_2025_Archive/06_mckenney_lacan_theory_application/IEC_62443_TS50701/3d_BabylonModelLibrary.html,10894,607420a399f51ba835f7f2b0139bfeee7e5fdcf19a5170e6643e9d7d07e14a94
09_SNAPSHOTS/mckenney_lacan_dec_12_2025_Archive/06_mckenney_lacan_theory_application/IEC_62443_TS50701/3d_React-Babyon-3D_Workshop_Visualization.md,30840,76aa0bffdcfd9a279a1a80b9609c1de3b4308da3eef59b277330a2890491ca0a
09_SNAPSHOTS/mckenney_lacan_dec_12_2025_Archive/06_mckenney_lacan_theory_application/IEC_62443_TS50701/3d_babylon_assset_library.md,45442,c9f4dc75743e050e3dd7f8ab1afd07113c73cf374228bd5ceb530dd90cc650a0
09_SNAPSHOTS/mckenney_lacan_dec_12_2025_Archive/06_mckenney_lacan_theory_application/IEC_62443_TS50701/3d_enhancingUIUX with_3D_modeling-NO_USE.md,39973,b4ed3e90a1919f953ff6c251f49e7cfd93cc77db6d7aa7f753b801f47551fd2e
09_SNAPSHOTS/mckenney_lacan_dec_12_2025_Archive/06_mckenney_lacan_theory_application/IEC_62443_TS50701/3d_libraries_primer.md,33998,1550e215982044514bfca4f9e41bf3ab16e4fddfb9b9329e4614627093b60f3b
09_SNAPSHOTS/mckenney_lacan_dec_12_2025_Archive/06_mckenney_lacan_theory_application/IEC_62443_TS50701/API and claude deve 2025-12-4.md,3967,ba164fc67f9344f68758d27824f9db23441c45149a10e778f293f66c003f7ab1
09_SNAPSHOTS/mckenney_lacan_dec_12_2025_Archive/06_mckenney_lacan_theory_application/IEC_62443_TS50701/CRL_Workkshop_Day-1/Client_CRL_IEC_62443_Workshop.md,107185,2e1aa90b08febc6e99bee065a2e007fe2e3206f0688687241fd4019fd4935b8c
09_SNAPSHOTS/mckenney_lacan_dec_12_2025_Archive/06_mckenney_lacan_theory_application/IEC_62443_TS50701/CRL_Workkshop_Day-1/IEC_62443_CRL_Presentation.md,7447,d9c4f83b733af492bae0ef004da9859e39ecf1e92d994ee25e926b3b02c11f0c
09_SNAPSHOTS/mckenney_lacan_dec_12_2025_Archive/06_mckenney_lacan_theory_application/IEC_62443_TS50701/CRL_Workkshop_Day-1/IEC_62443_Cybersecurity_Workshop_for CRL,0,e3b0c44298fc1c149afbf4c8996fb92427ae41e4649b934ca495991b7852b855
09_SNAPSHOTS/mckenney_lacan_dec_12_2025_Archive/06_mckenney_lacan_theory_application/IEC_62443_TS50701/CRL_Workkshop_Day-1/iec_62443__ts_50701_workshop_day1.html,47735,d4bdd7b50a2372263fe8e6734c04001f167d21f354b4f1553290e3913107db0b
09_SNAPSHOTS/mckenney_lacan_dec_12_2025_Archive/06_mckenney_lacan_theory_application/IEC_62443_TS50701/CSET_Reference/scratchpad/swarm_context.md,596,748dd3ebbb1e4afa9b8511bb3ae12aa8fd8619aac62db27560b4227d419e4e10
09_SNAPSHOTS/mckenney_lacan_dec_12_2025_Archive/06_mckenney_lacan_theory_application/IEC_62443_TS50701/IEC62443_Reqs/62443_Asset_Control_SR_FR_Spec_Workbook.xlsx,81279,3e6e1eeaaf49ba4790ad87ce59d505386e1c05b843380dfbf128578312263064
09_SNAPSHOTS/mckenney_lacan_dec_12_2025_Archive/06_mckenney_lacan_theory_application/IEC_62443_TS50701/IEC62443_Reqs/62443_CRL_Checklist_1.xlsx,15944,f737fede0c8b16117ac1655cabcfdd5014cb573336b0b83e3d3005a98ac4ac5f
09_SNAPSHOTS/mckenney_lacan_dec_12_2025_Archive/06_mckenney_lacan_theory_application/IEC_62443_TS50701/IEC62443_Reqs/62443_TS50701_Mapped_Requ.xlsx,43976,83ba056f9b363639016ee098cf2b00c725675e567330b759f8eefd0d2941f1cd
09_SNAPSHOTS/mckenney_lacan_dec_12_2025_Archive/06_mckenney_lacan_theory_application/IEC_62443_TS50701/IEC62443_Reqs/CRL-IEC62443-Complete-Artifacts-Guide.md,559,79b43e6b924a62a15e62a1691a6c5a46945fa5fc5056d57e7b40ac0bfb45b243
09_SNAPSHOTS/mckenney_lacan_dec_12_2025_Archive/06_mckenney_lacan_theory_application/IEC_62443_TS50701/IEC62443_Reqs/CRL-IEC62443-Complete-Guide-v2.pdf,298547,622312d47f0389d9204bd573f1c3db0e2ee2cd38da52332f558cdeb572f7a66a
09_SNAPSHOTS/mckenney_lacan_dec_12_2025_Archive/06_mckenney_lacan_theory_application/IEC_62443_TS50701/IEC62443_Reqs/CRL_62443_Cyber_Artifact_List_Criticality_2025_Oct_29.xlsx,343834,93c1f4cdc47048c8b8672c9be06a6e2cd648e08b7e1ac19af1aad17bd8b7cd17
09_SNAPSHOTS/mckenney_lacan_dec_12_2025_Archive/06_mckenney_lacan_theory_application/IEC_62443_TS50701/IEC62443_Reqs/Docker-Deployment-Guide.md,34262,d6ec2f74fe07878719dd92165a6af09fbb986f47abda931c932e6bcc7aef83b8
09_SNAPSHOTS/mckenney_lacan_dec_12_2025_Archive/06_mckenney_lacan_theory_application/IEC_62443_TS50701/IEC62443_Reqs/FR1_IAC_TVCS_SL-T3_Compliance.csv,5910,baa6d1b8657faed669f27ede4b669668be3be3c3fcfcfae1028cc539ee877f6a
09_SNAPSHOTS/mckenney_lacan_dec_12_2025_Archive/06_mckenney_lacan_theory_application/IEC_62443_TS50701/IEC62443_Reqs/FR2_UC_TVCS_SL-T3_Compliance.csv,4181,475d4e88fa7c2d8e6e28da3c141b35c10e78e916e648dc7a808928f8ac48cbe2
09_SNAPSHOTS/mckenney_lacan_dec_12_2025_Archive/06_mckenney_lacan_theory_application/IEC_62443_TS50701/IEC62443_Reqs/FR3_SI_TVCS_SL-T3_Compliance.csv,6011,335058bcbacad8e6e540f1fd8a749aee80e7b60c723397142d9f35b3c1a290d0
09_SNAPSHOTS/mckenney_lacan_dec_12_2025_Archive/06_mckenney_lacan_theory_application/IEC_62443_TS50701/IEC62443_Reqs/FR4_DC_TVCS_SL-T3_Compliance.csv,1458,217bc5af6d69c700d7ad28ab4a13b9c14be43d4196c767e0fa2c87996154ca3b
09_SNAPSHOTS/mckenney_lacan_dec_12_2025_Archive/06_mckenney_lacan_theory_application/IEC_62443_TS50701/IEC62443_Reqs/FR5_RDF_TVCS_SL-T3_Compliance.csv,2179,07df40621cc4d7b21461cf0c6c3297a9e7fc1eec17e93811f5bbe8664c80bd96
09_SNAPSHOTS/mckenney_lacan_dec_12_2025_Archive/06_mckenney_lacan_theory_application/IEC_62443_TS50701/IEC62443_Reqs/FR6_TRE_TVCS_SL-T3_Compliance.csv,862,609d261ed96bb2abf0595f278dd437fe430baa7d23f6b9462a483d156ed0916c
09_SNAPSHOTS/mckenney_lacan_dec_12_2025_Archive/06_mckenney_lacan_theory_application/IEC_62443_TS50701/IEC62443_Reqs/FR7_RA_TVCS_SL-T3_Compliance.csv,3110,6e0dd8d064830beadc2afcef0423dba450698ad54c96e791041eadf0fd1692c5
09_SNAPSHOTS/mckenney_lacan_dec_12_2025_Archive/06_mckenney_lacan_theory_application/IEC_62443_TS50701/IEC62443_Reqs/Feasibility_Study_3D_Stack.md,5096,48749422e9a73eeee2ce4cdf698796ac37d639a256c5dbcaa86eea0824b32b6c
09_SNAPSHOTS/mckenney_lacan_dec_12_2025_Archive/06_mckenney_lacan_theory_application/IEC_62443_TS50701/IEC62443_Reqs/IEC-62443 Diagram.md,0,e3b0c44298fc1c149afbf4c8996fb92427ae41e4649b934ca495991b7852b855
09_SNAPSHOTS/mckenney_lacan_dec_12_2025_Archive/06_mckenney_lacan_theory_application/IEC_62443_TS50701/IEC62443_Reqs/IEC-62443-Asset Criticality and IEC 62443 SL-T Determination.md,63822,17bff703d33ce0c43504c839abeee7d1292f23f66762b76e4aa2994761fa9a3d
09_SNAPSHOTS/mckenney_lacan_dec_12_2025_Archive/06_mckenney_lacan_theory_application/IEC_62443_TS50701/IEC62443_Reqs/IEC-62443-Complete-Technical-Reference (1).md,94508,4415b311d562316ba5cc3c431988b925b5b20b9059a26cf17144347c2a4581ae
09_SNAPSHOTS/mckenney_lacan_dec_12_2025_Archive/06_mckenney_lacan_theory_application/IEC_62443_TS50701/IEC62443_Reqs/IEC-62443-Complete-Technical-Reference 2025-10-jtm.md,94508,4415b311d562316ba5cc3c431988b925b5b20b9059a26cf17144347c2a4581ae
09_SNAPSHOTS/mckenney_lacan_dec_12_2025_Archive/06_mckenney_lacan_theory_application/IEC_62443_TS50701/IEC62443_Reqs/IEC-62443-Complete-Technical-Reference.md,75223,077e3e307186267b9a714c1b2963282d10d35c0ed736878da4c1eca3d4ad753a
09_SNAPSHOTS/mckenney_lacan_dec_12_2025_Archive/06_mckenney_lacan_theory_application/IEC_62443_TS50701/IEC62443_Reqs/IEC-62443-Information-Requirements.md,35028,dfcce8d3d5b26f70da324ad658497026bbb47367f38402e1724568b8bb8cf9fd
09_SNAPSHOTS/mckenney_lacan_dec_12_2025_Archive/06_mckenney_lacan_theory_application/IEC_62443_TS50701/IEC62443_Reqs/IEC-62443-MVP-Testing-QA-Plan.md,38505,d0f886115a4044b745a86564039d63f83f0ae33f68388fcd29a389d2e893088b
09_SNAPSHOTS/mckenney_lacan_dec_12_2025_Archive/06_mckenney_lacan_theory_application/IEC_62443_TS50701/IEC62443_Reqs/IEC-62443-Reference.md,43966,37dcf7739161635d69cbe4d1d121c2f39a4787bf382d075fca88fca5a6edbacb
09_SNAPSHOTS/mckenney_lacan_dec_12_2025_Archive/06_mckenney_lacan_theory_application/IEC_62443_TS50701/IEC62443_Reqs/IEC-62443-ZCR-Visualization-Guide.md,53270,43c7c42ef0e886f2eb45d3171bb4e0b6c356e5cf1567b170f9ea3a699bc17199
09_SNAPSHOTS/mckenney_lacan_dec_12_2025_Archive/06_mckenney_lacan_theory_application/IEC_62443_TS50701/IEC62443_Reqs/IEC-62443_Complete-Guide.md,121650,9ce22c2ea97c12bebbfa74c623c092c89401a8630306a73b2836fedb5c5aee72
09_SNAPSHOTS/mckenney_lacan_dec_12_2025_Archive/06_mckenney_lacan_theory_application/IEC_62443_TS50701/IEC62443_Reqs/IEC-62443_Complete-Technical-Reference.md,75223,077e3e307186267b9a714c1b2963282d10d35c0ed736878da4c1eca3d4ad753a
09_SNAPSHOTS/mckenney_lacan_dec_12_2025_Archive/06_mckenney_lacan_theory_application/IEC_62443_TS50701/IEC62443_Reqs/IEC-62443_Reference Guide.md,43966,37dcf7739161635d69cbe4d1d121c2f39a4787bf382d075fca88fca5a6edbacb
09_SNAPSHOTS/mckenney_lacan_dec_12_2025_Archive/06_mckenney_lacan_theory_application/IEC_62443_TS50701/IEC62443_Reqs/IEC-62443_Template-CSMS.md,7383,36aed8b05cca7fb66f3f7bb4d401c885e1c943d484c327be10340b1e6d0989c4
09_SNAPSHOTS/mckenney_lacan_dec_12_2025_Archive/06_mckenney_lacan_theory_application/IEC_62443_TS50701/IEC62443_Reqs/IEC_62443-4-2_Component_Requirements_CR.csv,14253,dbef4d9bb568e91f1304efb30c65f686091103bd3cb148753b513e5076a1df97
09_SNAPSHOTS/mckenney_lacan_dec_12_2025_Archive/06_mckenney_lacan_theory_application/IEC_62443_TS50701/IEC62443_Reqs/IEC_62443_Complete_SR_Requirements_Comprehensive.csv,18533,653ca91276171a191c0f0c120fffb9e1f72eaf3d110286f04f48dc429559adab
09_SNAPSHOTS/mckenney_lacan_dec_12_2025_Archive/06_mckenney_lacan_theory_application/IEC_62443_TS50701/IEC62443_Reqs/ISA57X-Rail_2026_Update.md,44547,453b1ba2418196a36c913b75e7f75f4744963c9f4869f5c20b79e9678d3589b2
09_SNAPSHOTS/mckenney_lacan_dec_12_2025_Archive/06_mckenney_lacan_theory_application/IEC_62443_TS50701/IEC62443_Reqs/Library_Blends_OBJ_Train_Pack/Train Pack - April 2019/Blends/CargoTrain_CoalContainer.blend,647744,798677f12bf315a5f59dcdffa0168b09dc64528df79d7a527acde3be855ca32d
09_SNAPSHOTS/mckenney_lacan_dec_12_2025_Archive/06_mckenney_lacan_theory_application/IEC_62443_TS50701/IEC62443_Reqs/Library_Blends_OBJ_Train_Pack/Train Pack - April 2019/Blends/CargoTrain_Container.blend,752516,eb8dc3b5b4d335a57dda1f349d218b74ad084526330bf0081e6af56b9ac26307
09_SNAPSHOTS/mckenney_lacan_dec_12_2025_Archive/06_mckenney_lacan_theory_application/IEC_62443_TS50701/IEC62443_Reqs/Library_Blends_OBJ_Train_Pack/Train Pack - April 2019/Blends/CargoTrain_Front.blend,984528,dcdb2e7a319d535b925fa3434d03d0431a6daec01953d598285f055399dde779
09_SNAPSHOTS/mckenney_lacan_dec_12_2025_Archive/06_mckenney_lacan_theory_application/IEC_62443_TS50701/IEC62443_Reqs/Library_Blends_OBJ_Train_Pack/Train Pack - April 2019/Blends/CargoTrain_Wagon.blend,930840,50182981d4e94c83ae65b54e16e313ed68855d7fca0724d5839fe01b6ab79489
09_SNAPSHOTS/mckenney_lacan_dec_12_2025_Archive/06_mckenney_lacan_theory_application/IEC_62443_TS50701/IEC62443_Reqs/Library_Blends_OBJ_Train_Pack/Train Pack - April 2019/Blends/CargoTrain_WagonEmpty.blend,610396,d3946f3853ea638c7100d8da683669f9fba62aeb0a1715b0706f35b035761874
09_SNAPSHOTS/mckenney_lacan_dec_12_2025_Archive/06_mckenney_lacan_theory_application/IEC_62443_TS50701/IEC62443_Reqs/Library_Blends_OBJ_Train_Pack/Train Pack - April 2019/Blends/CargoTrain_WagonOpenContainer.blend,634036,6f4e7b79d0866a72c0f51efc0ca9e3941a877a2358219ebee36a95025a1aadfe
09_SNAPSHOTS/mckenney_lacan_dec_12_2025_Archive/06_mckenney_lacan_theory_application/IEC_62443_TS50701/IEC62443_Reqs/Library_Blends_OBJ_Train_Pack/Train Pack - April 2019/Blends/Container.blend,565524,e59a67ad1470e46758f2fe6fe379c474abb20e9f8130b52ca31b127bbf56fd5b
09_SNAPSHOTS/mckenney_lacan_dec_12_2025_Archive/06_mckenney_lacan_theory_application/IEC_62443_TS50701/IEC62443_Reqs/Library_Blends_OBJ_Train_Pack/Train Pack - April 2019/Blends/HighSpeed_Front.blend,782916,fa99dc2cc2400c5a775c06f83240978e5c76b6665ad988a09201cc82f7ec82dd
09_SNAPSHOTS/mckenney_lacan_dec_12_2025_Archive/06_mckenney_lacan_theory_application/IEC_62443_TS50701/IEC62443_Reqs/Library_Blends_OBJ_Train_Pack/Train Pack - April 2019/Blends/HighSpeed_Wagon.blend,782580,4a50324f75b757e2a448fd616e49645e3ca0a2b6087985d2990b92fc76717f3e
09_SNAPSHOTS/mckenney_lacan_dec_12_2025_Archive/06_mckenney_lacan_theory_application/IEC_62443_TS50701/IEC62443_Reqs/Library_Blends_OBJ_Train_Pack/Train Pack - April 2019/Blends/Locomotive_CoalTender.blend,650084,a4d73d2aeddb2d33bfdee580a257b0a587fbc636b0cf619b6c0f9c913a23876b
09_SNAPSHOTS/mckenney_lacan_dec_12_2025_Archive/06_mckenney_lacan_theory_application/IEC_62443_TS50701/IEC62443_Reqs/Library_Blends_OBJ_Train_Pack/Train Pack - April 2019/Blends/Locomotive_Front.blend,1204468,5e3c1e8b211cdfe5f6e558df539874a160c056006b2675432af3ae0e5daee946
09_SNAPSHOTS/mckenney_lacan_dec_12_2025_Archive/06_mckenney_lacan_theory_application/IEC_62443_TS50701/IEC62443_Reqs/Library_Blends_OBJ_Train_Pack/Train Pack - April 2019/Blends/Locomotive_PassengerWagon.blend,703652,5b1c2fbf124072177bb22b3932681ff2331955493fd1cf617dc3ab4573dde454
09_SNAPSHOTS/mckenney_lacan_dec_12_2025_Archive/06_mckenney_lacan_theory_application/IEC_62443_TS50701/IEC62443_Reqs/Library_Blends_OBJ_Train_Pack/Train Pack - April 2019/Blends/Locomotive_Wagon.blend,946880,e61aac4ca098016167d9d9f9ec9741d5b63ae1d00c185d7d8d4daf193076c5b3
09_SNAPSHOTS/mckenney_lacan_dec_12_2025_Archive/06_mckenney_lacan_theory_application/IEC_62443_TS50701/IEC62443_Reqs/Library_Blends_OBJ_Train_Pack/Train Pack - April 2019/Blends/RailwayTrack_Curve.blend,639604,6bb745dc759eaeaffd9765c6db5b97a6470d61f8750ae7cfb421fc6b978e165f
09_SNAPSHOTS/mckenney_lacan_dec_12_2025_Archive/06_mckenney_lacan_theory_application/IEC_62443_TS50701/IEC62443_Reqs/Library_Blends_OBJ_Train_Pack/Train Pack - April 2019/Blends/RailwayTrack_Straight.blend,578000,88846be2c1e1da1e9c8c810e1663aac2f8da6e92f5ec34690447b8d2f5a1f0d9
09_SNAPSHOTS/mckenney_lacan_dec_12_2025_Archive/06_mckenney_lacan_theory_application/IEC_62443_TS50701/IEC62443_Reqs/Library_Blends_OBJ_Train_Pack/Train Pack - April 2019/FBX/CargoTrain_CoalContainer.fbx,56924,e0afc0863cb2c59aebadbb9f7f720310e0a0f933d74ef34a1432c2611671769b
09_SNAPSHOTS/mckenney_lacan_dec_12_2025_Archive/06_mckenney_lacan_theory_application/IEC_62443_TS50701/IEC62443_Reqs/Library_Blends_OBJ_Train_Pack/Train Pack - April 2019/FBX/CargoTrain_Container.fbx,80492,bef6ee7b8e2cff2fb987da6a1d8d5160fdf036c56c8ed66b1ed9b226013f9972
09_SNAPSHOTS/mckenney_lacan_dec_12_2025_Archive/06_mckenney_lacan_theory_application/IEC_62443_TS50701/IEC62443_Reqs/Library_Blends_OBJ_Train_Pack/Train Pack - April 2019/FBX/CargoTrain_Front.fbx,152076,b1c2e8d065dc31c1c01948d0c5def58a30e3cff2083f3e8f48575aba755bc154
09_SNAPSHOTS/mckenney_lacan_dec_12_2025_Archive/06_mckenney_lacan_theory_application/IEC_62443_TS50701/IEC62443_Reqs/Library_Blends_OBJ_Train_Pack/Train Pack - April 2019/FBX/CargoTrain_Wagon.fbx,120396,5eb9af65839b92a8fee1fedac33a58bbf1b73ba0abaeb2610e1b2bb61d705009
09_SNAPSHOTS/mckenney_lacan_dec_12_2025_Archive/06_mckenney_lacan_theory_application/IEC_62443_TS50701/IEC62443_Reqs/Library_Blends_OBJ_Train_Pack/Train Pack - April 2019/FBX/CargoTrain_WagonEmpty.fbx,45756,4653c955ed98485598caa1185992b3069c90cdc06cb57a893a6c7a2d1eae6951
09_SNAPSHOTS/mckenney_lacan_dec_12_2025_Archive/06_mckenney_lacan_theory_application/IEC_62443_TS50701/IEC62443_Reqs/Library_Blends_OBJ_Train_Pack/Train Pack - April 2019/FBX/CargoTrain_WagonOpenContainer.fbx,49628,ea93fd001938adeac285301fb5e649a99a24249e60507eb604ef24ec221197b8
09_SNAPSHOTS/mckenney_lacan_dec_12_2025_Archive/06_mckenney_lacan_theory_application/IEC_62443_TS50701/IEC62443_Reqs/Library_Blends_OBJ_Train_Pack/Train Pack - April 2019/FBX/HighSpeed_Front.fbx,106732,401a6cd23c062c8c70efbb5dce2fc4236f60bdbbba744c01616f0b4d5938fd01
09_SNAPSHOTS/mckenney_lacan_dec_12_2025_Archive/06_mckenney_lacan_theory_application/IEC_62443_TS50701/IEC62443_Reqs/Library_Blends_OBJ_Train_Pack/Train Pack - April 2019/FBX/HighSpeed_Wagon.fbx,101708,edfa830e3f0b2cf06951dc7b2873e3480716fc465ce448f7fba06ba3262902cd
09_SNAPSHOTS/mckenney_lacan_dec_12_2025_Archive/06_mckenney_lacan_theory_application/IEC_62443_TS50701/IEC62443_Reqs/Library_Blends_OBJ_Train_Pack/Train Pack - April 2019/FBX/Locomotive_CoalTender.fbx,58908,1c1548eb3b35f4c1194d73840821da1a75ae9a0a0ad280d3363d4adb4b6bcef4
09_SNAPSHOTS/mckenney_lacan_dec_12_2025_Archive/06_mckenney_lacan_theory_application/IEC_62443_TS50701/IEC62443_Reqs/Library_Blends_OBJ_Train_Pack/Train Pack - April 2019/FBX/Locomotive_Front.fbx,240140,034742ced0ef46177f37b9dae5888f4da486b6f0fb4e1d75e5af154385feb208
09_SNAPSHOTS/mckenney_lacan_dec_12_2025_Archive/06_mckenney_lacan_theory_application/IEC_62443_TS50701/IEC62443_Reqs/Library_Blends_OBJ_Train_Pack/Train Pack - April 2019/FBX/Locomotive_PassengerWagon.fbx,64364,7cbcb30ca450ec9a28c17ba885581bec91ea5622f500122c875049ea07d7c639
09_SNAPSHOTS/mckenney_lacan_dec_12_2025_Archive/06_mckenney_lacan_theory_application/IEC_62443_TS50701/IEC62443_Reqs/Library_Blends_OBJ_Train_Pack/Train Pack - April 2019/FBX/Locomotive_Wagon.fbx,107292,0422dbd91288a5c77e6c1ffd6522d0dd98ada833465d25f445b82f06f5826d7d
09_SNAPSHOTS/mckenney_lacan_dec_12_2025_Archive/06_mckenney_lacan_theory_application/IEC_62443_TS50701/IEC62443_Reqs/Library_Blends_OBJ_Train_Pack/Train Pack - April 2019/FBX/RailwayTrack_Curve.fbx,50732,9c4eaf252cb7222650ac2c808d7fcea5e90a4fb9dcd4082fb4d2673608bfda28
09_SNAPSHOTS/mckenney_lacan_dec_12_2025_Archive/06_mckenney_lacan_theory_application/IEC_62443_TS50701/IEC62443_Reqs/Library_Blends_OBJ_Train_Pack/Train Pack - April 2019/FBX/RailwayTrack_Straight.fbx,29900,cbc7192968810a3cf0893547dbc98935d2e521f9fc66493d7177c309908156bc
09_SNAPSHOTS/mckenney_lacan_dec_12_2025_Archive/06_mckenney_lacan_theory_application/IEC_62443_TS50701/IEC62443_Reqs/Library_Blends_OBJ_Train_Pack/Train Pack - April 2019/License.txt,364,83d8959f9fc56353ed571fbe2dc52e4bcd64508e2399501cd45ac2ce3df0bf8c
09_SNAPSHOTS/mckenney_lacan_dec_12_2025_Archive/06_mckenney_lacan_theory_application/IEC_62443_TS50701/IEC62443_Reqs/Library_Blends_OBJ_Train_Pack/Train Pack - April 2019/OBJ/CargoTrain_CoalContainer.mtl,787,6cc8e8620359b771b542c640346dd44574881f2b0f096a0121a528bd39977d3f
09_SNAPSHOTS/mckenney_lacan_dec_12_2025_Archive/06_mckenney_lacan_theory_application/IEC_62443_TS50701/IEC62443_Reqs/Library_Blends_OBJ_Train_Pack/Train Pack - April 2019/OBJ/CargoTrain_CoalContainer.obj,91312,803fe3b46dfb35725c24af934e17f24bb5c669e4e3d9938a65b9db08c75f0947
09_SNAPSHOTS/mckenney_lacan_dec_12_2025_Archive/06_mckenney_lacan_theory_application/IEC_62443_TS50701/IEC62443_Reqs/Library_Blends_OBJ_Train_Pack/Train Pack - April 2019/OBJ/CargoTrain_Container.mtl,783,161d69f8d41e8a73cf550035c6c98a51b615f2a87e3befd5fbbdb3982b03c1b4
09_SNAPSHOTS/mckenney_lacan_dec_12_2025_Archive/06_mckenney_lacan_theory_application/IEC_62443_TS50701/IEC62443_Reqs/Library_Blends_OBJ_Train_Pack/Train Pack - April 2019/OBJ/CargoTrain_Container.obj,163904,7d96e6bff777ab817da6583e6b529f9e6c0a43811438a806940fcfc1e77bf422
09_SNAPSHOTS/mckenney_lacan_dec_12_2025_Archive/06_mckenney_lacan_theory_application/IEC_62443_TS50701/IEC62443_Reqs/Library_Blends_OBJ_Train_Pack/Train Pack - April 2019/OBJ/CargoTrain_Front.mtl,1680,a4c3902f9db292de8847deff09baef256efdc305a895cd47aa29c59f985d0107
09_SNAPSHOTS/mckenney_lacan_dec_12_2025_Archive/06_mckenney_lacan_theory_application/IEC_62443_TS50701/IEC62443_Reqs/Library_Blends_OBJ_Train_Pack/Train Pack - April 2019/OBJ/CargoTrain_Front.obj,350482,b9009eb01e14a99e540dcde6360d448c49a420ddb79829be5ddb0d7f85db125c
09_SNAPSHOTS/mckenney_lacan_dec_12_2025_Archive/06_mckenney_lacan_theory_application/IEC_62443_TS50701/IEC62443_Reqs/Library_Blends_OBJ_Train_Pack/Train Pack - April 2019/OBJ/CargoTrain_Wagon.mtl,1323,a5fb672b13ded668154b36bc5acec2a0c0a827da63ef1f9d6c19137bbcb1da94
09_SNAPSHOTS/mckenney_lacan_dec_12_2025_Archive/06_mckenney_lacan_theory_application/IEC_62443_TS50701/IEC62443_Reqs/Library_Blends_OBJ_Train_Pack/Train Pack - April 2019/OBJ/CargoTrain_Wagon.obj,280902,e45a61b0e0af08f81683def010efed72eed524e0bf4d7bf03231397fcecb012d
09_SNAPSHOTS/mckenney_lacan_dec_12_2025_Archive/06_mckenney_lacan_theory_application/IEC_62443_TS50701/IEC62443_Reqs/Library_Blends_OBJ_Train_Pack/Train Pack - April 2019/OBJ/CargoTrain_WagonEmpty.mtl,425,d37bd61c15fdd4b1ae848a4dad6ddaeedf3a1662694513ca225b16d38e032885
09_SNAPSHOTS/mckenney_lacan_dec_12_2025_Archive/06_mckenney_lacan_theory_application/IEC_62443_TS50701/IEC62443_Reqs/Library_Blends_OBJ_Train_Pack/Train Pack - April 2019/OBJ/CargoTrain_WagonEmpty.obj,66322,0ededa1fe89ac2b8f85c73cab653ea4098e89224afa7c70e2d3233a8f0a6a6cb
09_SNAPSHOTS/mckenney_lacan_dec_12_2025_Archive/06_mckenney_lacan_theory_application/IEC_62443_TS50701/IEC62443_Reqs/Library_Blends_OBJ_Train_Pack/Train Pack - April 2019/OBJ/CargoTrain_WagonOpenContainer.mtl,615,c8e0f578c5df492a638f7ec606f733035df6ab9a5127ecf03acbf2c07d482af9
09_SNAPSHOTS/mckenney_lacan_dec_12_2025_Archive/06_mckenney_lacan_theory_application/IEC_62443_TS50701/IEC62443_Reqs/Library_Blends_OBJ_Train_Pack/Train Pack - April 2019/OBJ/CargoTrain_WagonOpenContainer.obj,75509,5475c3482fe0fdfb01e9fcd6ff8924a4bd6725bb21d8f9d84dd1af6f74c25fc3
09_SNAPSHOTS/mckenney_lacan_dec_12_2025_Archive/06_mckenney_lacan_theory_application/IEC_62443_TS50701/IEC62443_Reqs/Library_Blends_OBJ_Train_Pack/Train Pack - April 2019/OBJ/HighSpeed_Front.mtl,955,0c854a68e003197f7dabf4a8215860b0e1fb352b56e6b7ad9006531ff9f48a87
09_SNAPSHOTS/mckenney_lacan_dec_12_2025_Archive/06_mckenney_lacan_theory_application/IEC_62443_TS50701/IEC62443_Reqs/Library_Blends_OBJ_Train_Pack/Train Pack - April 2019/OBJ/HighSpeed_Front.obj,212035,172af05eec712bf18057e44a55688c2f77a56e180df75dfb620f84de2838eb18
09_SNAPSHOTS/mckenney_lacan_dec_12_2025_Archive/06_mckenney_lacan_theory_application/IEC_62443_TS50701/IEC62443_Reqs/Library_Blends_OBJ_Train_Pack/Train Pack - April 2019/OBJ/HighSpeed_Wagon.mtl,955,80aec047deac66a1ad3cf05a4dc5f454630637f235839ebb7c2255af31746dc2
09_SNAPSHOTS/mckenney_lacan_dec_12_2025_Archive/06_mckenney_lacan_theory_application/IEC_62443_TS50701/IEC62443_Reqs/Library_Blends_OBJ_Train_Pack/Train Pack - April 2019/OBJ/HighSpeed_Wagon.obj,205159,61efcd385657c037304e63353104576c23da3295ed2c84b3d7ec6138264f7575
09_SNAPSHOTS/mckenney_lacan_dec_12_2025_Archive/06_mckenney_lacan_theory_application/IEC_62443_TS50701/IEC62443_Reqs/Library_Blends_OBJ_Train_Pack/Train Pack - April 2019/OBJ/Locomotive_CoalTender.mtl,425,99551e146dfde7e1c43203ac2edda1bb7e66c5796f63f6cfc5af1d2624212c48
09_SNAPSHOTS/mckenney_lacan_dec_12_2025_Archive/06_mckenney_lacan_theory_application/IEC_62443_TS50701/IEC62443_Reqs/Library_Blends_OBJ_Train_Pack/Train Pack - April 2019/OBJ/Locomotive_CoalTender.obj,111656,b4ca81920107ea831a571a49d5857fbcd26548052183af4d17629c1edb7dce05
09_SNAPSHOTS/mckenney_lacan_dec_12_2025_Archive/06_mckenney_lacan_theory_application/IEC_62443_TS50701/IEC62443_Reqs/Library_Blends_OBJ_Train_Pack/Train Pack - April 2019/OBJ/Locomotive_Front.mtl,420,47627a400db8d8566b5094c466cc17c1c120aeb6decbadd8bcfec1adb8e707d0
09_SNAPSHOTS/mckenney_lacan_dec_12_2025_Archive/06_mckenney_lacan_theory_application/IEC_62443_TS50701/IEC62443_Reqs/Library_Blends_OBJ_Train_Pack/Train Pack - April 2019/OBJ/Locomotive_Front.obj,678324,b3ae784bf6cde988efc838bbc882a53f6ed591d2b56469d086dc17241669a04d
09_SNAPSHOTS/mckenney_lacan_dec_12_2025_Archive/06_mckenney_lacan_theory_application/IEC_62443_TS50701/IEC62443_Reqs/Library_Blends_OBJ_Train_Pack/Train Pack - April 2019/OBJ/Locomotive_PassengerWagon.mtl,1327,29976f7b5e44ca94b93e55a2b4d19d4e7271c7865ae7819efe6177fa41ed095f
09_SNAPSHOTS/mckenney_lacan_dec_12_2025_Archive/06_mckenney_lacan_theory_application/IEC_62443_TS50701/IEC62443_Reqs/Library_Blends_OBJ_Train_Pack/Train Pack - April 2019/OBJ/Locomotive_PassengerWagon.obj,123977,6f013f676bb96f3afabb1a4bb947fe8e90e08295b298a15358953fdddbafa8e4
09_SNAPSHOTS/mckenney_lacan_dec_12_2025_Archive/06_mckenney_lacan_theory_application/IEC_62443_TS50701/IEC62443_Reqs/Library_Blends_OBJ_Train_Pack/Train Pack - April 2019/OBJ/Locomotive_Wagon.mtl,783,d8ac5e29a4620e77b2f52264cb483e93282609790475a2d3aef73d7893e60bca
09_SNAPSHOTS/mckenney_lacan_dec_12_2025_Archive/06_mckenney_lacan_theory_application/IEC_62443_TS50701/IEC62443_Reqs/Library_Blends_OBJ_Train_Pack/Train Pack - April 2019/OBJ/Locomotive_Wagon.obj,281562,0f406726073ccfe857bcfa2c948c626a56ff244e69187546c6ea0ab65502c83d
09_SNAPSHOTS/mckenney_lacan_dec_12_2025_Archive/06_mckenney_lacan_theory_application/IEC_62443_TS50701/IEC62443_Reqs/Library_Blends_OBJ_Train_Pack/Train Pack - April 2019/OBJ/RailwayTrack_Curve.mtl,422,3a2e6e7e75d2288fedf30b9b8b0be1132677275c77c568f7fc86d2d57a7d46b6
09_SNAPSHOTS/mckenney_lacan_dec_12_2025_Archive/06_mckenney_lacan_theory_application/IEC_62443_TS50701/IEC62443_Reqs/Library_Blends_OBJ_Train_Pack/Train Pack - April 2019/OBJ/RailwayTrack_Curve.obj,98004,0dd703422475992f68a42218125b9d1ecd48f4049f34fd6989b26ea805b071a0
09_SNAPSHOTS/mckenney_lacan_dec_12_2025_Archive/06_mckenney_lacan_theory_application/IEC_62443_TS50701/IEC62443_Reqs/Library_Blends_OBJ_Train_Pack/Train Pack - April 2019/OBJ/RailwayTrack_Straight.mtl,425,80bf00b974430ade2b5d3f0eccdafb99d29d1048f7191374d6a8edb4b7b0bafc
09_SNAPSHOTS/mckenney_lacan_dec_12_2025_Archive/06_mckenney_lacan_theory_application/IEC_62443_TS50701/IEC62443_Reqs/Library_Blends_OBJ_Train_Pack/Train Pack - April 2019/OBJ/RailwayTrack_Straight.obj,48154,8704b2f032696773415348c1a7ef88f5d9f2435152630d33405acd1a05241e57
09_SNAPSHOTS/mckenney_lacan_dec_12_2025_Archive/06_mckenney_lacan_theory_application/IEC_62443_TS50701/IEC62443_Reqs/Library_Blends_OBJ_Train_Pack/Train Pack - April 2019/Preview.png,1827975,50d48b2ca38053d4c69546bc26ae2d61660a6e1ac7bbfaa93f75b2e1d4f54b14
09_SNAPSHOTS/mckenney_lacan_dec_12_2025_Archive/06_mckenney_lacan_theory_application/IEC_62443_TS50701/IEC62443_Reqs/MITRE_to_IEC_Mapping_Controls_USE_THIS2025.xlsx,16074,788f3097f576d27e06c2af4ffb36bca9a2422c77050a9f3342a1b6b3607c39cb
09_SNAPSHOTS/mckenney_lacan_dec_12_2025_Archive/06_mckenney_lacan_theory_application/IEC_62443_TS50701/IEC62443_Reqs/PRD-EIC-62443-MVP-Docker-Deployment-Guide.md,34262,d6ec2f74fe07878719dd92165a6af09fbb986f47abda931c932e6bcc7aef83b8
09_SNAPSHOTS/mckenney_lacan_dec_12_2025_Archive/06_mckenney_lacan_theory_application/IEC_62443_TS50701/IEC62443_Reqs/PRD-IEC-62443-MVP-Database-Schema-Data-Model.md,31521,64d66d5efe6d6fbefcd73efde18241b955d32c26e366849870d20e454c8353f7
09_SNAPSHOTS/mckenney_lacan_dec_12_2025_Archive/06_mckenney_lacan_theory_application/IEC_62443_TS50701/IEC62443_Reqs/PRD-IEC-62443-MVP.md,36982,e6907eff8ca7efa9b534230249bb751113f94e8dd243abb232bd6ccbd566a6dc
09_SNAPSHOTS/mckenney_lacan_dec_12_2025_Archive/06_mckenney_lacan_theory_application/IEC_62443_TS50701/IEC62443_Reqs/Perplexity=IEC62443 Compliance with Infrastructure Projects.md,9288,5b5e11c885a94225d8d4e6229f1e9b35c7e5d70d2411e12fac0d0b4989dd8386
09_SNAPSHOTS/mckenney_lacan_dec_12_2025_Archive/06_mckenney_lacan_theory_application/IEC_62443_TS50701/IEC_62443_Bablyon_app.md,30840,76aa0bffdcfd9a279a1a80b9609c1de3b4308da3eef59b277330a2890491ca0a
09_SNAPSHOTS/mckenney_lacan_dec_12_2025_Archive/06_mckenney_lacan_theory_application/IEC_62443_TS50701/PRD_1v_62443_Workshop_PRD_Technical_Reference.md,13848,f4c4b57fdb61952a59f6b13a7062b1aee1a752444a5d166ff4cfefe0f1e79007
09_SNAPSHOTS/mckenney_lacan_dec_12_2025_Archive/06_mckenney_lacan_theory_application/IEC_62443_TS50701/PRD_62443_SaaS_PlatformI_Workshop.md,68253,c80be993ccb08842c315c6c8312899504ee8f32ebfd861132cd762e0b422e203
09_SNAPSHOTS/mckenney_lacan_dec_12_2025_Archive/06_mckenney_lacan_theory_application/IEC_62443_TS50701/PRD_railway_62443_TS50701.md,38366,e08c75639e253a831205bcfa8c4a08383e6ea19242d10be054848645559e84a1
09_SNAPSHOTS/mckenney_lacan_dec_12_2025_Archive/06_mckenney_lacan_theory_application/Music/Musica-psychometric-foundations_the_the_Clef,6050,6f8a705f30212317215cf87eedc020ec070a60d4241ca31f026f15a63a528b92
09_SNAPSHOTS/mckenney_lacan_dec_12_2025_Archive/06_mckenney_lacan_theory_application/Music/Musica-theory-previous-work-HevnerCircle_GilboaMAP.md,13045,c019dc5625ddab78d98b8cb0673ee885fb2f965d776fcd94e0f471d57989234f
09_SNAPSHOTS/mckenney_lacan_dec_12_2025_Archive/06_mckenney_lacan_theory_application/Music/Musica_integrated_framework.mc,17704,65b85ca286b25924b70a8e5a70df3586a6d4042344eedeca461e21f5f477cc7a
09_SNAPSHOTS/mckenney_lacan_dec_12_2025_Archive/06_mckenney_lacan_theory_application/Music/Musical_Psychometric_Foundations.md,5079,f155f78bdb004a8396cc9b6d37429de254273e525f360fb909b5dc5460cbe312
09_SNAPSHOTS/mckenney_lacan_dec_12_2025_Archive/06_mckenney_lacan_theory_application/Music/The Loman Operator_ A Topological Score of Act I.md,8913,c48df3e7f28aa5b9db517cb0eae56e23dc4c48a795341c01a6a5a40ba9aca8ae
09_SNAPSHOTS/mckenney_lacan_dec_12_2025_Archive/06_mckenney_lacan_unified_theory copy/00_Deep_Layering_Plan.md,5173,219cf117040d50040a27822a767457708e097f7cefc4abdc3890c1bafa4aeebb
09_SNAPSHOTS/mckenney_lacan_dec_12_2025_Archive/06_mckenney_lacan_unified_theory copy/00_Unified_Theory_Master_Index.md,3495,960127df28142202c602458b6e8631f2695ff56b913dd3943e9978ab7159123b
09_SNAPSHOTS/mckenney_lacan_dec_12_2025_Archive/06_mckenney_lacan_unified_theory copy/00_Unified_Theory_Master_Syllabus.md,5459,f8c4cb3b72df9c4c5e6eaf7595e783ccba108be859f5379639a088b8d1e4089b
09_SNAPSHOTS/mckenney_lacan_dec_12_2025_Archive/06_mckenney_lacan_unified_theory copy/01_Vol_00_Laymans_Primer.md,13908,b4ec0cb581345fcd63fb90055cd8b81f760b951720dc9a8a6ddcb2bd5d51d893
09_SNAPSHOTS/mckenney_lacan_dec_12_2025_Archive/06_mckenney_lacan_unified_theory copy/02_Vol_01_Foundations.md,6424,ae5638718bd4605940ae1f469950118806241f28f101f6f149a58a813e409571
09_SNAPSHOTS/mckenney_lacan_dec_12_2025_Archive/06_mckenney_lacan_unified_theory copy/02_Vol_II_Kinematics.md,4974,0b9e3cd1a7661c0ac45215348cb78a73e521d3e60ff07be052257c8622e41e33
09_SNAPSHOTS/mckenney_lacan_dec_12_2025_Archive/06_mckenney_lacan_unified_theory copy/03_Vol_02_Kinematics.md,5226,9073b1fdd8d2a9c3a8d5f188ee6e04bbbcd64ad1d864daec13c9093f4fa0b593
09_SNAPSHOTS/mckenney_lacan_dec_12_2025_Archive/06_mckenney_lacan_unified_theory copy/03_Vol_III_Dynamics.md,4066,bc7d00b74bc8cb33b388ccac7cde0f761a188806c161f7914b86b8b269006ada
09_SNAPSHOTS/mckenney_lacan_dec_12_2025_Archive/06_mckenney_lacan_unified_theory copy/04_Vol_03_Dynamics.md,4350,b2ff87dd99b79f183dd3a5caab7717957c9502ab144016f1c7addcfa54ddefe9
09_SNAPSHOTS/mckenney_lacan_dec_12_2025_Archive/06_mckenney_lacan_unified_theory copy/04_Vol_IV_Directors_Score.md,3785,2d0061b25a0d234f497e2beb1c427c83c5a3658da4db5560f614c43342c47f33
09_SNAPSHOTS/mckenney_lacan_dec_12_2025_Archive/06_mckenney_lacan_unified_theory copy/05_Vol_04_Network_Physics.md,4213,92550214fb9e3bd7c390626093058507b65e086704e77618ca2a9ad366125453
09_SNAPSHOTS/mckenney_lacan_dec_12_2025_Archive/06_mckenney_lacan_unified_theory copy/05_Vol_V_Synthesis.md,3221,7388ae2cb343470f734f69cbb938cd6e5059fa5984232852953dbb6b719c6686
09_SNAPSHOTS/mckenney_lacan_dec_12_2025_Archive/06_mckenney_lacan_unified_theory copy/06_Vol_05_Thermodynamics.md,3629,be2b9ccb7756f01be5c6cb844106957f96159075b921cf3cd233b3897eea3966
09_SNAPSHOTS/mckenney_lacan_dec_12_2025_Archive/06_mckenney_lacan_unified_theory copy/06_Vol_VI_Technical_Architecture.md,2692,54580a50140022e334a84c798f899102ed96a66c0ec0fcdc77791373f2b9901f
09_SNAPSHOTS/mckenney_lacan_dec_12_2025_Archive/06_mckenney_lacan_unified_theory copy/07_Vol_06_Technical_Architecture.md,3149,75eb9bfebeaa7da097e8880e9ca46fda7f4aa1f87d320e63e4b06bfc0dad5813
09_SNAPSHOTS/mckenney_lacan_dec_12_2025_Archive/06_mckenney_lacan_unified_theory copy/07_Vol_VII_Bayesian_Prediction.md,3097,ea3fb35ffbfda0040b19240b3899fa4c9311822b16655c01bf03178eb567d077
09_SNAPSHOTS/mckenney_lacan_dec_12_2025_Archive/06_mckenney_lacan_unified_theory copy/08_MoE_Critical_Review.md,3433,9694df3879d62fc07ac80feaed2938d1111257f954e2c84e2211eeefd2ae46e3
09_SNAPSHOTS/mckenney_lacan_dec_12_2025_Archive/06_mckenney_lacan_unified_theory copy/08_Vol_07_Predictive_Mechanics.md,3131,12486240f08aa1537e418d66eb321680f3cbc8c3f8c01944ee7251118163a831
09_SNAPSHOTS/mckenney_lacan_dec_12_2025_Archive/06_mckenney_lacan_unified_theory copy/08_Vol_VIII_Psychohistory_Engine.md,3806,5aa827fe3cb61abb7175b4291c4cec2defa27077660067b5b121f3cd51a1a467
09_SNAPSHOTS/mckenney_lacan_dec_12_2025_Archive/06_mckenney_lacan_unified_theory copy/09_Bibliography.md,2600,1688e557839d34d231bd998695c45ae8f0b81264750c099d2d6bca9c48230e9a
09_SNAPSHOTS/mckenney_lacan_dec_12_2025_Archive/06_mckenney_lacan_unified_theory copy/09_Vol_08_Psychohistory_Engine.md,4352,d8135eb01dde9d1ce756fdd2ebb61d8552b9248c07b87eaa5d995adef80499ce
09_SNAPSHOTS/mckenney_lacan_dec_12_2025_Archive/06_mckenney_lacan_unified_theory copy/10_Appendix_A_Math_Codex.md,7202,38bc5528bcdf0b1b158a9ada06952131a1d6e0e9bbf9a881544b9a46e74f5d52
09_SNAPSHOTS/mckenney_lacan_dec_12_2025_Archive/06_mckenney_lacan_unified_theory copy/10_Vol_09_Reference_Bibliography.md,2611,e1b72eda5da4e2c961b3a4df0df3bd805e80e1b93b153a7cfc12a37bf0751446
09_SNAPSHOTS/mckenney_lacan_dec_12_2025_Archive/06_mckenney_lacan_unified_theory copy/11_Math_Integration_Plan_v9.2.md,4239,998432a149a6217d8ff22f4b1ff78bcbc310a1d38536f0608faf51a15a01f342
09_SNAPSHOTS/mckenney_lacan_dec_12_2025_Archive/06_mckenney_lacan_unified_theory copy/11_Vol_10_Appendix_Math_Codex.md,7098,8acee4c53adc9acf23da544444209566ae3ba2ff3bc13f3288b196393e5c320f
09_SNAPSHOTS/mckenney_lacan_dec_12_2025_Archive/06_mckenney_lacan_unified_theory copy/12_Vol_11_Computational_Sim.md,5074,4a7da17dba49182da3fbef2236090ddadf3117e693be2ee975a1585f5c20918c
09_SNAPSHOTS/mckenney_lacan_dec_12_2025_Archive/06_mckenney_lacan_unified_theory copy/12_Vol_XII_Computational_Simulation.md,5328,14092aa89ac8ca6a64b48be2cc741c87cd8a330aae68c4592ce33df6b07ee257
09_SNAPSHOTS/mckenney_lacan_dec_12_2025_Archive/06_mckenney_lacan_unified_theory copy/13_Vol_12_Computational_Sim.md,5070,06a30c511cfe922c25a2bc77965a57971f4048d9fbadf176f64d4d470b03e1f5
09_SNAPSHOTS/mckenney_lacan_dec_12_2025_Archive/06_mckenney_lacan_unified_theory copy/13_Vol_12_Digital_Twin.md,7085,3ab5e5f3342e8cc79e035935982e65b8f7d1eee0427e5e61f7bbfb13fb92c163
09_SNAPSHOTS/mckenney_lacan_dec_12_2025_Archive/06_mckenney_lacan_unified_theory copy/13_Vol_XIII_Digital_Twin.md,7311,c73fe0a7a60b22eb49d95647c6dc938b58ee463b0fb3fbbef3a3116b8958b322
09_SNAPSHOTS/mckenney_lacan_dec_12_2025_Archive/06_mckenney_lacan_unified_theory copy/14_Vol_13_Digital_Twin.md,6831,c3147dc9824c6b39fa344cf4be4686e371791dcf3b36ef570454d05409519544
09_SNAPSHOTS/mckenney_lacan_dec_12_2025_Archive/06_mckenney_lacan_unified_theory copy/14_Vol_13_Organizational_Physics.md,5410,d3f2792605b68f6a07ac984128a7d759c1a630572f43274652b08c53e0ec9995
09_SNAPSHOTS/mckenney_lacan_dec_12_2025_Archive/06_mckenney_lacan_unified_theory copy/14_Vol_XIV_Organizational_Physics.md,5343,0252184ac331396e9e3275e6dd8efbabfca3f05e054e93be0ceb2f9e5ecf0a86
09_SNAPSHOTS/mckenney_lacan_dec_12_2025_Archive/06_mckenney_lacan_unified_theory copy/15_Critique_Grand_Equation.md,4122,c5edc071725b758c069c3d5f3dceae5963eda7ff961a21f7caeaacb9f3501311
09_SNAPSHOTS/mckenney_lacan_dec_12_2025_Archive/06_mckenney_lacan_unified_theory copy/15_Vol_14_Advanced_Simulations.md,4356,0f7e99a13495d68183ab5fde5e8b5534398ca05a9b42f61547b699aebffc92b4
09_SNAPSHOTS/mckenney_lacan_dec_12_2025_Archive/06_mckenney_lacan_unified_theory copy/15_Vol_14_Organizational_Physics.md,5414,660763fce66014e376245bb7ebcb29e254b96c11e2c22f55d2f789b14789f3eb
09_SNAPSHOTS/mckenney_lacan_dec_12_2025_Archive/06_mckenney_lacan_unified_theory copy/16_Vol_15_Advanced_Simulations.md,4356,5f2bad676716306f724aa49ab01ea3ce7ea7a46101c6a4a73186d2494cc18362
09_SNAPSHOTS/mckenney_lacan_dec_12_2025_Archive/06_mckenney_lacan_unified_theory copy/16_Vol_15_Cognitive_Bias_Atlas.md,11098,4e9ac93446312e38077d295b4ac2b3bc5f3940ddfa155746dae990a4623c0b12
09_SNAPSHOTS/mckenney_lacan_dec_12_2025_Archive/06_mckenney_lacan_unified_theory copy/16_Vol_XV_Advanced_Simulations.md,6603,8891d26daa85a8c0326d309111eee48e4f564d7b03edf663e9f2a33e2dca168e
09_SNAPSHOTS/mckenney_lacan_dec_12_2025_Archive/06_mckenney_lacan_unified_theory copy/17_Vol_16_Cognitive_Bias_Atlas.md,11099,3d4c4cbbf92460b08ec81b23b8dd45b89170a9be23da35a17a214555244ef39b
09_SNAPSHOTS/mckenney_lacan_dec_12_2025_Archive/06_mckenney_lacan_unified_theory copy/17_Vol_XVI_Cognitive_Bias_Atlas.md,11076,4b899cde6a3509bb2508094cbc8a1e367eb859e4b714671d1eea4958895c2f3c
09_SNAPSHOTS/mckenney_lacan_dec_12_2025_Archive/06_mckenney_lacan_unified_theory copy/90_Archive_Deep_Layering_Plan.md,5200,9cf9aed93d77a14c7877e032d1bab4494c9b07732e56e4e3179f146e6557f8ae
09_SNAPSHOTS/mckenney_lacan_dec_12_2025_Archive/06_mckenney_lacan_unified_theory copy/91_Archive_Master_Syllabus.md,5390,bf2580e5261d05f34df5c290c076fef1d6f1fa4d9202d7abc14c1102710d40a4
09_SNAPSHOTS/mckenney_lacan_dec_12_2025_Archive/06_mckenney_lacan_unified_theory copy/92_Archive_MoE_Review.md,3537,69eaa5f95cb74f2306b819a3d586e68945e3a6bb8806c057aa956f6a2ef996f3
09_SNAPSHOTS/mckenney_lacan_dec_12_2025_Archive/06_mckenney_lacan_unified_theory copy/93_Archive_Math_Plan.md,4389,04892308cc7e12f3aaf3d2e31239f62f89bd5516bc616a299109b6b0b22b22ef
09_SNAPSHOTS/mckenney_lacan_dec_12_2025_Archive/06_mckenney_lacan_unified_theory copy/94_Archive_Critique_Grand_Eq.md,4089,64c7e51313233eb47769ba1ba3f0a1c02f1e71e13dc9e4f8bb7b735c734d4f07
09_SNAPSHOTS/mckenney_lacan_dec_12_2025_Archive/06_mckenney_lacan_unified_theory copy/rename_script.py,1975,fafe2d452a144e942a192085b2909ec9e9393df4639f0ec0a5cf8a2ae366b84a
09_SNAPSHOTS/mckenney_lacan_dec_12_2025_Archive/06_mckenney_lacan_unified_theory/00_Deep_Layering_Plan.md,5173,219cf117040d50040a27822a767457708e097f7cefc4abdc3890c1bafa4aeebb
09_SNAPSHOTS/mckenney_lacan_dec_12_2025_Archive/06_mckenney_lacan_unified_theory/00_Unified_Theory_Master_Index.md,3391,9d782f6682a180b9e6b84c3a8bba705ce4797dc6f366888c8fc20eff4dbf8d91
09_SNAPSHOTS/mckenney_lacan_dec_12_2025_Archive/06_mckenney_lacan_unified_theory/00_Unified_Theory_Master_Syllabus.md,5459,f8c4cb3b72df9c4c5e6eaf7595e783ccba108be859f5379639a088b8d1e4089b
09_SNAPSHOTS/mckenney_lacan_dec_12_2025_Archive/06_mckenney_lacan_unified_theory/01_Vol_00_Laymans_Primer.md,13908,b4ec0cb581345fcd63fb90055cd8b81f760b951720dc9a8a6ddcb2bd5d51d893
09_SNAPSHOTS/mckenney_lacan_dec_12_2025_Archive/06_mckenney_lacan_unified_theory/02_Vol_01_Foundations.md,6424,ae5638718bd4605940ae1f469950118806241f28f101f6f149a58a813e409571
09_SNAPSHOTS/mckenney_lacan_dec_12_2025_Archive/06_mckenney_lacan_unified_theory/02_Vol_II_Kinematics.md,4959,de02aed7a193d3842d3d3590e37a2783094d34ca166453eecfc62d227696e2c7
09_SNAPSHOTS/mckenney_lacan_dec_12_2025_Archive/06_mckenney_lacan_unified_theory/03_Vol_02_Kinematics.md,5226,9073b1fdd8d2a9c3a8d5f188ee6e04bbbcd64ad1d864daec13c9093f4fa0b593
09_SNAPSHOTS/mckenney_lacan_dec_12_2025_Archive/06_mckenney_lacan_unified_theory/03_Vol_III_Dynamics.md,4066,bc7d00b74bc8cb33b388ccac7cde0f761a188806c161f7914b86b8b269006ada
09_SNAPSHOTS/mckenney_lacan_dec_12_2025_Archive/06_mckenney_lacan_unified_theory/04_Vol_03_Dynamics.md,4350,b2ff87dd99b79f183dd3a5caab7717957c9502ab144016f1c7addcfa54ddefe9
09_SNAPSHOTS/mckenney_lacan_dec_12_2025_Archive/06_mckenney_lacan_unified_theory/04_Vol_IV_Directors_Score.md,3785,2d0061b25a0d234f497e2beb1c427c83c5a3658da4db5560f614c43342c47f33
09_SNAPSHOTS/mckenney_lacan_dec_12_2025_Archive/06_mckenney_lacan_unified_theory/05_Vol_04_Network_Physics.md,4213,92550214fb9e3bd7c390626093058507b65e086704e77618ca2a9ad366125453
09_SNAPSHOTS/mckenney_lacan_dec_12_2025_Archive/06_mckenney_lacan_unified_theory/05_Vol_V_Synthesis.md,3221,7388ae2cb343470f734f69cbb938cd6e5059fa5984232852953dbb6b719c6686
09_SNAPSHOTS/mckenney_lacan_dec_12_2025_Archive/06_mckenney_lacan_unified_theory/06_Vol_05_Thermodynamics.md,3629,be2b9ccb7756f01be5c6cb844106957f96159075b921cf3cd233b3897eea3966
09_SNAPSHOTS/mckenney_lacan_dec_12_2025_Archive/06_mckenney_lacan_unified_theory/06_Vol_VI_Technical_Architecture.md,2692,54580a50140022e334a84c798f899102ed96a66c0ec0fcdc77791373f2b9901f
09_SNAPSHOTS/mckenney_lacan_dec_12_2025_Archive/06_mckenney_lacan_unified_theory/07_Vol_06_Technical_Architecture.md,3149,75eb9bfebeaa7da097e8880e9ca46fda7f4aa1f87d320e63e4b06bfc0dad5813
09_SNAPSHOTS/mckenney_lacan_dec_12_2025_Archive/06_mckenney_lacan_unified_theory/07_Vol_VII_Bayesian_Prediction.md,3097,ea3fb35ffbfda0040b19240b3899fa4c9311822b16655c01bf03178eb567d077
09_SNAPSHOTS/mckenney_lacan_dec_12_2025_Archive/06_mckenney_lacan_unified_theory/08_MoE_Critical_Review.md,3433,9694df3879d62fc07ac80feaed2938d1111257f954e2c84e2211eeefd2ae46e3
09_SNAPSHOTS/mckenney_lacan_dec_12_2025_Archive/06_mckenney_lacan_unified_theory/08_Vol_07_Predictive_Mechanics.md,3131,12486240f08aa1537e418d66eb321680f3cbc8c3f8c01944ee7251118163a831
09_SNAPSHOTS/mckenney_lacan_dec_12_2025_Archive/06_mckenney_lacan_unified_theory/08_Vol_VIII_Psychohistory_Engine.md,3806,5aa827fe3cb61abb7175b4291c4cec2defa27077660067b5b121f3cd51a1a467
09_SNAPSHOTS/mckenney_lacan_dec_12_2025_Archive/06_mckenney_lacan_unified_theory/09_Bibliography.md,2600,1688e557839d34d231bd998695c45ae8f0b81264750c099d2d6bca9c48230e9a
09_SNAPSHOTS/mckenney_lacan_dec_12_2025_Archive/06_mckenney_lacan_unified_theory/09_Vol_08_Psychohistory_Engine.md,4352,d8135eb01dde9d1ce756fdd2ebb61d8552b9248c07b87eaa5d995adef80499ce
09_SNAPSHOTS/mckenney_lacan_dec_12_2025_Archive/06_mckenney_lacan_unified_theory/10_Appendix_A_Math_Codex.md,7202,38bc5528bcdf0b1b158a9ada06952131a1d6e0e9bbf9a881544b9a46e74f5d52
09_SNAPSHOTS/mckenney_lacan_dec_12_2025_Archive/06_mckenney_lacan_unified_theory/10_Vol_09_Reference_Bibliography.md,2611,e1b72eda5da4e2c961b3a4df0df3bd805e80e1b93b153a7cfc12a37bf0751446
09_SNAPSHOTS/mckenney_lacan_dec_12_2025_Archive/06_mckenney_lacan_unified_theory/11_Math_Integration_Plan_v9.2.md,4239,998432a149a6217d8ff22f4b1ff78bcbc310a1d38536f0608faf51a15a01f342
09_SNAPSHOTS/mckenney_lacan_dec_12_2025_Archive/06_mckenney_lacan_unified_theory/11_Vol_10_Appendix_Math_Codex.md,7098,8acee4c53adc9acf23da544444209566ae3ba2ff3bc13f3288b196393e5c320f
09_SNAPSHOTS/mckenney_lacan_dec_12_2025_Archive/06_mckenney_lacan_unified_theory/12_Vol_11_Computational_Sim.md,5074,4a7da17dba49182da3fbef2236090ddadf3117e693be2ee975a1585f5c20918c
09_SNAPSHOTS/mckenney_lacan_dec_12_2025_Archive/06_mckenney_lacan_unified_theory/12_Vol_XII_Computational_Simulation.md,5328,14092aa89ac8ca6a64b48be2cc741c87cd8a330aae68c4592ce33df6b07ee257
09_SNAPSHOTS/mckenney_lacan_dec_12_2025_Archive/06_mckenney_lacan_unified_theory/13_Vol_12_Computational_Sim.md,5070,06a30c511cfe922c25a2bc77965a57971f4048d9fbadf176f64d4d470b03e1f5
09_SNAPSHOTS/mckenney_lacan_dec_12_2025_Archive/06_mckenney_lacan_unified_theory/13_Vol_12_Digital_Twin.md,7085,3ab5e5f3342e8cc79e035935982e65b8f7d1eee0427e5e61f7bbfb13fb92c163
09_SNAPSHOTS/mckenney_lacan_dec_12_2025_Archive/06_mckenney_lacan_unified_theory/13_Vol_XIII_Digital_Twin.md,7311,c73fe0a7a60b22eb49d95647c6dc938b58ee463b0fb3fbbef3a3116b8958b322
09_SNAPSHOTS/mckenney_lacan_dec_12_2025_Archive/06_mckenney_lacan_unified_theory/14_Vol_13_Digital_Twin.md,6831,c3147dc9824c6b39fa344cf4be4686e371791dcf3b36ef570454d05409519544
09_SNAPSHOTS/mckenney_lacan_dec_12_2025_Archive/06_mckenney_lacan_unified_theory/14_Vol_13_Organizational_Physics.md,5410,d3f2792605b68f6a07ac984128a7d759c1a630572f43274652b08c53e0ec9995
09_SNAPSHOTS/mckenney_lacan_dec_12_2025_Archive/06_mckenney_lacan_unified_theory/14_Vol_XIV_Organizational_Physics.md,5343,0252184ac331396e9e3275e6dd8efbabfca3f05e054e93be0ceb2f9e5ecf0a86
09_SNAPSHOTS/mckenney_lacan_dec_12_2025_Archive/06_mckenney_lacan_unified_theory/15_Critique_Grand_Equation.md,4122,c5edc071725b758c069c3d5f3dceae5963eda7ff961a21f7caeaacb9f3501311
09_SNAPSHOTS/mckenney_lacan_dec_12_2025_Archive/06_mckenney_lacan_unified_theory/15_Vol_14_Advanced_Simulations.md,4356,0f7e99a13495d68183ab5fde5e8b5534398ca05a9b42f61547b699aebffc92b4
09_SNAPSHOTS/mckenney_lacan_dec_12_2025_Archive/06_mckenney_lacan_unified_theory/15_Vol_14_Organizational_Physics.md,5414,660763fce66014e376245bb7ebcb29e254b96c11e2c22f55d2f789b14789f3eb
09_SNAPSHOTS/mckenney_lacan_dec_12_2025_Archive/06_mckenney_lacan_unified_theory/16_Vol_15_Advanced_Simulations.md,4356,5f2bad676716306f724aa49ab01ea3ce7ea7a46101c6a4a73186d2494cc18362
09_SNAPSHOTS/mckenney_lacan_dec_12_2025_Archive/06_mckenney_lacan_unified_theory/16_Vol_15_Cognitive_Bias_Atlas.md,11098,4e9ac93446312e38077d295b4ac2b3bc5f3940ddfa155746dae990a4623c0b12
09_SNAPSHOTS/mckenney_lacan_dec_12_2025_Archive/06_mckenney_lacan_unified_theory/16_Vol_XV_Advanced_Simulations.md,6603,8891d26daa85a8c0326d309111eee48e4f564d7b03edf663e9f2a33e2dca168e
09_SNAPSHOTS/mckenney_lacan_dec_12_2025_Archive/06_mckenney_lacan_unified_theory/17_Vol_16_Cognitive_Bias_Atlas.md,11099,3d4c4cbbf92460b08ec81b23b8dd45b89170a9be23da35a17a214555244ef39b
09_SNAPSHOTS/mckenney_lacan_dec_12_2025_Archive/06_mckenney_lacan_unified_theory/17_Vol_XVI_Cognitive_Bias_Atlas.md,11076,4b899cde6a3509bb2508094cbc8a1e367eb859e4b714671d1eea4958895c2f3c
09_SNAPSHOTS/mckenney_lacan_dec_12_2025_Archive/06_mckenney_lacan_unified_theory/90_Archive_Deep_Layering_Plan.md,5200,9cf9aed93d77a14c7877e032d1bab4494c9b07732e56e4e3179f146e6557f8ae
09_SNAPSHOTS/mckenney_lacan_dec_12_2025_Archive/06_mckenney_lacan_unified_theory/91_Archive_Master_Syllabus.md,5338,dc57d7dba277d5a1c9c0d134739e0eb3a258880cf8c01cb286073f04a5aeb80a
09_SNAPSHOTS/mckenney_lacan_dec_12_2025_Archive/06_mckenney_lacan_unified_theory/92_Archive_MoE_Review.md,3537,69eaa5f95cb74f2306b819a3d586e68945e3a6bb8806c057aa956f6a2ef996f3
09_SNAPSHOTS/mckenney_lacan_dec_12_2025_Archive/06_mckenney_lacan_unified_theory/93_Archive_Math_Plan.md,4389,04892308cc7e12f3aaf3d2e31239f62f89bd5516bc616a299109b6b0b22b22ef
09_SNAPSHOTS/mckenney_lacan_dec_12_2025_Archive/06_mckenney_lacan_unified_theory/94_Archive_Critique_Grand_Eq.md,4089,64c7e51313233eb47769ba1ba3f0a1c02f1e71e13dc9e4f8bb7b735c734d4f07
09_SNAPSHOTS/mckenney_lacan_dec_12_2025_Archive/06_mckenney_lacan_unified_theory/final_cleanup.py,2124,3399b8c82952c6990e22db65178c1ff7e609775a926886d5e4d819f142b57378
09_SNAPSHOTS/mckenney_lacan_dec_12_2025_Archive/06_mckenney_lacan_unified_theory/rename_script.py,1975,fafe2d452a144e942a192085b2909ec9e9393df4639f0ec0a5cf8a2ae366b84a
09_SNAPSHOTS/mckenney_lacan_dec_12_2025_Archive/07_Lacanian_Reference_Library/01_Lacanian_Glossary.md,8769,cf910d26e12603be2f575f7130f1419f02419e16d2d053bf7ee715112cffbcb9
09_SNAPSHOTS/mckenney_lacan_dec_12_2025_Archive/07_Lacanian_Reference_Library/02_Library_of_Works.md,5180,b95b8a3cf44d8b67133b81228f4007a8d0ff6a79e59645322cef66d026e80c18
09_SNAPSHOTS/mckenney_lacan_dec_12_2025_Archive/07_Lacanian_Reference_Library/03_Concepts_and_Theories.md,4801,2fb2b3aa66660dcbe13c04a9493574496b80910b795b9fb387092d1c866d166f
09_SNAPSHOTS/mckenney_lacan_dec_12_2025_Archive/07_Lacanian_Reference_Library/04_Mathemes_and_Topology.md,3523,1c2a4b4c69d6200f52728f21a1e07be62e179be4fbbd0ae444fcd525c13f73b2
09_SNAPSHOTS/mckenney_lacan_dec_12_2025_Archive/07_Lacanian_Reference_Library/05_Use_Cases_and_Applications.md,3661,9a4caa4827810858796eafb81949b2422668035c1b2885c841fa9f61f1144697
09_SNAPSHOTS/mckenney_lacan_dec_12_2025_Archive/07_Lacanian_Reference_Library/Mckenney-lacan-calculus_4-0.md,9089,6d0aabc2d083e75e79fe9a0a3753f29adf200c24436580dabb2a5abd67ddbc42
09_SNAPSHOTS/mckenney_lacan_dec_12_2025_Archive/10_References_antigravity/Antigravity_Autonomous_Workflows.md,32346,19bc3eb043fd060de4d8bbf190b6f7dc8aca88dad00e916f531c82f897813126
09_SNAPSHOTS/mckenney_lacan_dec_12_2025_Archive/10_References_antigravity/Antigravity_Gemini_Antigravity Extensions.md,42013,7de14025c8c2b31021ec135ce7f30fdc5ec7bf4161476252080785414aa64036
09_SNAPSHOTS/mckenney_lacan_dec_12_2025_Archive/10_References_antigravity/Antigravity_Project_Rules_NNG_Conensus.md,35764,12a0a087711b27b460864caed853221977ad9f52e8d118924ba6dc620c69c0ec
09_SNAPSHOTS/mckenney_lacan_dec_12_2025_Archive/10_References_antigravity/Antigravity_Workflows.md,9707,73f80407a84ca296a263747c893d202517b07f54450b27ac519643ef99dd3ae3
09_SNAPSHOTS/mckenney_lacan_dec_12_2025_Archive/10_References_antigravity/DATA_REQUIREMENTS_E1_E12_INGESTION_PLAN.md,24230,29f6f15d5e83a707185d5cd1295bb6fa7b38d2cecf3006ba64bb3964d1ef6eba
09_SNAPSHOTS/mckenney_lacan_dec_12_2025_Archive/10_References_antigravity/Foundations_Psychohistory_Social_dynamics_physics.md,29372,fee1ab4e5c80896771354a934fcf4a67f5ab6b1e568b71dc7df197951d94c586
09_SNAPSHOTS/mckenney_lacan_dec_12_2025_Archive/10_References_antigravity/Simulating Calculus with GGNN.docx,6208426,5b0ee74d1df941991f6cbd2d253947317ecd77ef5e88489d3c5f0fb3cda509b8
09_SNAPSHOTS/mckenney_lacan_dec_12_2025_Archive/api-keys.txt,1705,3f50290dc37e21549d55f8e41582009363d5e1b39c3ea4166ad2d99c044f5036
_attic/mckenney-lacan-calculus-2025-11-28/00_MCKENNEY_LACAN_RESEARCH_PLAN.md,3516,a4a05554c6e311c38eb348b49ea18e1b1437bc7e81df07c64c2a87ec584e7f36
_attic/mckenney-lacan-calculus-2025-11-28/01_MCKENNEY_LACAN_THEOREM_UNIFIED.md,4526,40d5c41dc78ca83f3578b14a45e5a885be4cf6c5ae6baf996678f571a9c9a56a
_attic/mckenney-lacan-calculus-2025-11-28/01_PSYCHOHISTORY_READINESS_MATRIX.md,13552,4e7233f55704b735cfe9abe124cec1972a8b570d46b25fb20a28673c5858bd78
_attic/mckenney-lacan-calculus-2025-11-28/02_CALCULUS_OF_CRITICAL_SLOWING.md,4156,7bd17857fbdbcf61d8cc807f419226f75f75b0bdf5fa02800b77efb4a15a1ad3
_attic/mckenney-lacan-calculus-2025-11-28/02_MATHEMATICAL_PHYSICS_OF_CYBER_EPIDEMICS.md,9446,639665140e5015388e8c0f3efc3dbeb105fd271aaa6b975bef53ace3e8bcca07
_attic/mckenney-lacan-calculus-2025-11-28/03_ISING_DYNAMICS_FOR_OPINION_PROPAGATION.md,8879,9b2ee001e33458f005f5df7b87b3d6f17d4535a29f26f5c1160b33e242055aba
_attic/mckenney-lacan-calculus-2025-11-28/03_TOPOLOGY_OF_DIAD_AND_TRIAD.md,3824,6d7615fa226f0814fb573382b1b8982e3a5a689c31ab9e8dc5eb405200aefbb0
_attic/mckenney-lacan-calculus-2025-11-28/04_GRANOVETTER_THRESHOLDS_IN_ATTACK_CASCADES.md,8063,def4b428a1e20a368ac19d614a70cbd0d838c2b0f5ecfa7e6b4b938ee239d8ad
_attic/mckenney-lacan-calculus-2025-11-28/04_LACANIAN_MIRROR_AND_GROUP_DYNAMICS.md,3916,1085d407b92d3173415ff80eb96311eb0a9626f01d20f2ec87d01323cdb29971
_attic/mckenney-lacan-calculus-2025-11-28/05_BIFURCATION_THEORY_AND_CRISIS_DETECTION.md,8137,f1c0a12dc13dd4033917a3cf9c16bbb46e4733725d7ed75cf9c4b8bc3cb368d8
_attic/mckenney-lacan-calculus-2025-11-28/05_PSYCHOHISTORY_DIAGRAMS_v3.0_2025-11-19.md,56031,3756666ca968d4189fe1f18fa325cea639017af22431b30e5f4169889bb86533
_attic/mckenney-lacan-calculus-2025-11-28/05_PSYCHOMETRIC_TENSOR_DISC_BIG5.md,4028,cd3abfa0876ed25c576fc0aaf57e3b68d3f4e5c985146459a690938c73a06c78
_attic/mckenney-lacan-calculus-2025-11-28/06_CRITICAL_SLOWING_DOWN_EARLY_WARNINGS.md,6286,b0a361b2936608f5c15bea5fef3221a59d24ff27e44b4168879a41355603d15a
_attic/mckenney-lacan-calculus-2025-11-28/06_SCHELLING_GRANOVETTER_TEAM_COMPOSITION.md,4208,745a03180e53c3034b3adce73b71f5d4c1244406df43278f4395ee27eafbf1fe
_attic/mckenney-lacan-calculus-2025-11-28/07_MUSICAL_SCORE_OF_INTERACTION.md,4067,efe21248c9962b4a7824b243d10744da85a888f176e4db458a9f89de1200ed58
_attic/mckenney-lacan-calculus-2025-11-28/07_NEO4J_IMPLEMENTATION_OF_PSYCHOHISTORY.md,6705,6eba7bba89e0ea492cb7e3fe21338b140aecc946c873b30196c58e6b7b280cdf
_attic/mckenney-lacan-calculus-2025-11-28/08_NER11_GOLD_INTEGRATION_STRATEGY.md,5469,bab8f60e7a5f51eb2400eaeb443dc53b18955ad8965815b6889699553d78bb95
_attic/mckenney-lacan-calculus-2025-11-28/08_POLYPHONY_AND_DISSONANCE_IN_DIALOGUE.md,4115,8963802773a590ee7fe3dbcf37d80b42b0e668223039605fcfd483aa9b51d681
_attic/mckenney-lacan-calculus-2025-11-28/09_ADVERSARIAL_COUNTERPOINT_ATTACK_DEFEND.md,4311,9c347a9c74f075454ea81d26ff279f2fa05a789702a5f0e9343c79b9562efc2a
_attic/mckenney-lacan-calculus-2025-11-28/09_AEON_DIGITAL_TWIN_SIMULATION_ENGINE.md,5513,82b66166c2e7029f86ef355cca60d49d27e8ee1e3ea836708cbb028427bc1f18
_attic/mckenney-lacan-calculus-2025-11-28/10_EXECUTIVE_SYNTHESIS_AND_ROADMAP.md,4852,24a9e3ba9c0aded849d45f14784287e581ce2e74fc960d0a7f16a20131ebee48
_attic/mckenney-lacan-calculus-2025-11-28/10_PRACTICAL_IMPLEMENTATION_CHEF_ORCHESTRATOR.md,3835,1bbe34b654a09e99b0a1f3b17e9e1e3341cb676566b3ddcd84f57e55d6346048
"_attic/mckenney-lacan-calculus-2025-11-28/Background_theory/Lacan, Calculus, and Subject Formation.docx",6209413,6d489d2df387dc063e2716eb1509578b68171c49f234abaed28a4051d25401bb
_attic/mckenney-lacan-calculus-2025-11-28/Background_theory/Simulating Calculus with GGNN.docx,6208426,8d4914fcc1b6a3d23e01ea09763b1adfdc358c9d2ded66e15a51c86e0d25cbe8
_attic/mckenney-lacan-calculus-2025-11-28/Background_theory/The Loman Operator_ A Topological Score of Act I.md,8913,c48df3e7f28aa5b9db517cb0eae56e23dc4c48a795341c01a6a5a40ba9aca8ae
_attic/mckenney-lacan-calculus-2025-11-28/Cycle_01_SEMANTIC_WEB_ONTOLOGY.md,1765,6242b8bf76ad217a330ac179903d77fe0b99178e2787fdc45bb210abd6000c44
_attic/mckenney-lacan-calculus-2025-11-28/Cycle_02_NEURAL_TENSOR_PYTORCH.md,1822,d7b45d6a70a3e8ef6e1d1fc92cb0bdb9f6ef4d9fd44e6d44da08170e3c267156
_attic/mckenney-lacan-calculus-2025-11-28/Cycle_03_QUANTUM_CIRCUIT_QSHARP.md,1380,403765d7d52365d681c2c50fab41a59b76b1f9e16d5274cc33572532edd0f2ff
_attic/mckenney-lacan-calculus-2025-11-28/Cycle_04_BIOLOGICAL_ENCODING_CRISPR.md,1542,d9a510a371c8fcd661500bb585e7dce34ecf8f175da46ee01c8aaa3fa342cf97
_attic/mckenney-lacan-calculus-2025-11-28/Cycle_05_TOPOLOGICAL_KNOT_BRAIDING.md,1455,ac5d99ad6a393a1eb68a3b7623ce21287e341cb7276a55cce0338667948146ef
_attic/mckenney-lacan-calculus-2025-11-28/Cycle_06_HOLOGRAPHIC_MAP_ADS_CFT.md,1500,fc8ae9c044334df9fef0d419c8b38f47626b5bc5c3c39ca0b14d400eed250bae
_attic/mckenney-lacan-calculus-2025-11-28/Cycle_07_GAME_THEORETIC_PAYOFF_NASH.md,1521,9a0820d98b684778bc21374bb44c9052616c866f8d1ba2814d7962ff43ba37cb
_attic/mckenney-lacan-calculus-2025-11-28/Cycle_08_THERMODYNAMIC_PHASE_SPACE.md,1716,09b426c14318a54b82c75ffeccf3ba39298b420f189c63eba34a8bb0ab556f75
_attic/mckenney-lacan-calculus-2025-11-28/Cycle_09_CATEGORY_THEORETIC_SCHEMA.md,1528,96cfc2751c73ca186d0fa3819bc17c81c6f71051a91f13d4e615c883a0f58d08
_attic/mckenney-lacan-calculus-2025-11-28/Cycle_10_OMEGA_POINT_FINAL_SILENCE.md,1364,1e8496b3ee7957a4b1109d70ff9170eb9fd7e9c0383c18600f0035ff56c8529c
_attic/mckenney-lacan-calculus-2025-11-28/MUSICAL_CALCULUS_NOTATION_SYSTEM.md,2922,5b20e1a83eb355193ec6835af9b80c367b74d79ea183b80c995b08b57ae40493
_attic/mckenney-lacan-calculus-2025-11-28/Predictive_01_EPIDEMIC_THRESHOLDS_R0.md,2221,665591dfb30cfce574d54c534e911006d778b22160e77d125624a6f016330cdb
_attic/mckenney-lacan-calculus-2025-11-28/Predictive_02_ISING_DYNAMICS_OPINION.md,1996,70b040dd06385fbcaf10557c0e2843941f62be422f3c9180b93826dd56d75173
_attic/mckenney-lacan-calculus-2025-11-28/Predictive_03_GRANOVETTER_THRESHOLDS_CASCADE.md,1952,067d736c0506e07401196522110dddfd3fc37ceebc901d1a37060c5a7c71344a
_attic/mckenney-lacan-calculus-2025-11-28/Predictive_04_BIFURCATION_THEORY_CRISIS.md,1822,e167042631298f300eeb3c9816a603b5b55ebca0cb511d1a04bb414b1aa1f7f1
_attic/mckenney-lacan-calculus-2025-11-28/Predictive_05_CRITICAL_SLOWING_DOWN_EWS.md,1812,965c64bd21e354d94ac29aff6909d277fb277b509033cd51dbbec01f809cb4eb
_attic/mckenney-lacan-calculus-2025-11-28/SYMPHONIC_CALCULUS_SWOT_REPORT.md,3639,55c1ee1972749b353499429e0eda955c9319ee4c996b03549d5ec4b3222c6e50
_attic/mckenney-lacan-calculus-2025-11-28/mckenney-lacan-calculus-deathofsalemanv1 - Beat 1-5.csv,7373,3c3431ae3cfec70c6db6ad959c99840a2548aae0d21dec93010936c2913d9793
_attic/mckenney-lacan-calculus-2025-11-28/mckenney-lacan_music_10_scores_classics/03_ISING_DYNAMICS_FOR_OPINION_PROPAGATION.md,8879,9b2ee001e33458f005f5df7b87b3d6f17d4535a29f26f5c1160b33e242055aba
_attic/mckenney-lacan-calculus-2025-11-28/mckenney-lacan_music_10_scores_classics/04_GRANOVETTER_THRESHOLDS_IN_ATTACK_CASCADES.md,8063,def4b428a1e20a368ac19d614a70cbd0d838c2b0f5ecfa7e6b4b938ee239d8ad
_attic/mckenney-lacan-calculus-2025-11-28/mckenney-lacan_music_10_scores_classics/05_BIFURCATION_THEORY_AND_CRISIS_DETECTION.md,8137,f1c0a12dc13dd4033917a3cf9c16bbb46e4733725d7ed75cf9c4b8bc3cb368d8
_attic/mckenney-lacan-calculus-2025-11-28/mckenney-lacan_music_10_scores_classics/07_NEO4J_IMPLEMENTATION_OF_PSYCHOHISTORY.md,6705,6eba7bba89e0ea492cb7e3fe21338b140aecc946c873b30196c58e6b7b280cdf
_attic/mckenney-lacan-calculus-2025-11-28/mckenney-lacan_music_10_scores_classics/08_NER11_GOLD_INTEGRATION_STRATEGY.md,5469,bab8f60e7a5f51eb2400eaeb443dc53b18955ad8965815b6889699553d78bb95
_attic/mckenney-lacan-calculus-2025-11-28/mckenney-lacan_music_10_scores_classics/09_AEON_DIGITAL_TWIN_SIMULATION_ENGINE.md,5513,82b66166c2e7029f86ef355cca60d49d27e8ee1e3ea836708cbb028427bc1f18
_attic/mckenney-lacan-calculus-2025-11-28/mckenney-lacan_music_10_scores_classics/10_EXECUTIVE_SYNTHESIS_AND_ROADMAP.md,4852,24a9e3ba9c0aded849d45f14784287e581ce2e74fc960d0a7f16a20131ebee48
"_attic/mckenney-lacan-calculus-2025-11-28/mckenney-lacan_music_10_scores_classics/Calculus, Psychoanalysis, and Personality Theory.md",29452,345232314e94aaad7eb85e3e9dd8d79713a0a8a4c87730f67164ea61954b0ef9
_attic/mckenney-lacan-calculus-2025-11-28/mckenney-lacan_music_10_scores_classics/GNN Music Theory Dialogue Simulation.md,42561,d3bf11044abfdc6f8d349d4ac2843da5d82099a2e72985143200b457166c72d7
_attic/mckenney-lacan-calculus-2025-11-28/mckenney-lacan_music_10_scores_classics/GRAND_UNIFIED_SCORE_SALESMAN_COMPLETE.csv,10039,547243b43b1af8e98f8cafa43f0125e95e228dd9f93f1ba8b4bfa874d32f8e34
_attic/mckenney-lacan-calculus-2025-11-28/mckenney-lacan_music_10_scores_classics/GRAND_UNIFIED_SCORE_SALESMAN_COMPLETE_FULL.csv,2438,e55d3aec831b417dfabdf2496bf5226055ffb06f65b568800d865ee6c96bf33b
"_attic/mckenney-lacan-calculus-2025-11-28/mckenney-lacan_music_10_scores_classics/Lacan, Calculus, and Subject Formation.md",39485,194d8ba42de3144762834cb4b1529658cc9ae2ccf3f8dda7dc99ed3041dc44a8
_attic/mckenney-lacan-calculus-2025-11-28/mckenney-lacan_music_10_scores_classics/MCKENNEY_LACAN_SCORES_GLOSSARY_AND_BRIEFING.md,13792,ed6831e7589926cd187c59adaf079595f1676c5e4f26c18cfb20cd2f164ee6e1
_attic/mckenney-lacan-calculus-2025-11-28/mckenney-lacan_music_10_scores_classics/MCKENNEY_LACAN_SCORE_A_DOLLS_HOUSE.csv,229054,bac764c563e70fc71ea792977b0cd20d86e6f0f8a709d27ccb3069a93c1207e9
_attic/mckenney-lacan-calculus-2025-11-28/mckenney-lacan_music_10_scores_classics/MCKENNEY_LACAN_SCORE_CHERRY_ORCHARD.csv,640474,db51ca4a1fc70e74b82378b749e99b7a243db0c70816afb53b6c786db2db3f21
_attic/mckenney-lacan-calculus-2025-11-28/mckenney-lacan_music_10_scores_classics/MCKENNEY_LACAN_SCORE_HAMLET.csv,320037,04bc6781fc23c7b7c066674f376b7c912da9ac4195fd3a00ea6f243ef1fa7e18
_attic/mckenney-lacan-calculus-2025-11-28/mckenney-lacan_music_10_scores_classics/MCKENNEY_LACAN_SCORE_KING_LEAR.csv,266140,f2a5d6add22708eca7aa27516b78055023bdbc8bb5f2f1726b914485c42d6240
_attic/mckenney-lacan-calculus-2025-11-28/mckenney-lacan_music_10_scores_classics/MCKENNEY_LACAN_SCORE_MACBETH.csv,195940,3126cd452752ffc770f6866b610ac0da4aa3afc6318d881229829fc531c09002
_attic/mckenney-lacan-calculus-2025-11-28/mckenney-lacan_music_10_scores_classics/MCKENNEY_LACAN_SCORE_MISS_JULIE.csv,614950,f54f6fb3c8859d89b3eb0e1329e0af39ec8f5c5cb39a8fce3477ae970d8adc8c
_attic/mckenney-lacan-calculus-2025-11-28/mckenney-lacan_music_10_scores_classics/MCKENNEY_LACAN_SCORE_OEDIPUS_REX.csv,418019,193cfb5a991b0f6fc3f0cbda048b47b757a65faa5c16b0e704fb363fbd06e47d
_attic/mckenney-lacan-calculus-2025-11-28/mckenney-lacan_music_10_scores_classics/Simulating Calculus with GGNN.md,33387,4bd620c0f54aa5bcf740452bc4a63057cf2d3dc7210b0cda1e4a8ac92cc56be6
_attic/mckenney-lacan-calculus-2025-11-28/mckenney-lacan_music_10_scores_classics/The Loman Operator_ A Topological Score of Act I.md,8913,c48df3e7f28aa5b9db517cb0eae56e23dc4c48a795341c01a6a5a40ba9aca8ae
_attic/mckenney-lacan-calculus-2025-11-28/mckenney-lacan_music_10_scores_classics/a_dolls_house.txt,149346,958820d4c521f85701b1718fbe0ccde2f2e878dc13e235ccc88a03e65272fad3
_attic/mckenney-lacan-calculus-2025-11-28/mckenney-lacan_music_10_scores_classics/batch_process_classic_plays.py,9135,3af77c4e3e09f511e031036b60cd0ddeeea5eec5c0886da89aa81b7753746ee4
_attic/mckenney-lacan-calculus-2025-11-28/mckenney-lacan_music_10_scores_classics/cherry_orchard.txt,419064,f6b84ebb9004a28f9510f11f1b1f23b22b51ce0d391e895e2f6ff35f119ebb14
_attic/mckenney-lacan-calculus-2025-11-28/mckenney-lacan_music_10_scores_classics/expand_salesman_score.py,5083,8435a6b9653c0cb94c7e41a3add2e11570710330894cbe1f1383e0ec485fe921
_attic/mckenney-lacan-calculus-2025-11-28/mckenney-lacan_music_10_scores_classics/generate_complete_salesman_score.py,5024,f849652dbcbc175e6e438089abef46a051346ac09906ed7a79a52ec084c48174
_attic/mckenney-lacan-calculus-2025-11-28/mckenney-lacan_music_10_scores_classics/hamlet.txt,180566,df57d93895266023ea635bdcaadcfae002059b8096a2b44884c0e14a5616eb77
_attic/mckenney-lacan-calculus-2025-11-28/mckenney-lacan_music_10_scores_classics/king_lear.txt,141179,94204aaff1d3b8ddae0aaf509346b33b6dbd70d52c610a09edfd79cdd47c83f5
_attic/mckenney-lacan-calculus-2025-11-28/mckenney-lacan_music_10_scores_classics/macbeth.txt,106466,9c2d2e9cb9889fb4eec8cd8eee51b792103fc8f1b8efab64c963cd0b34ef285f
_attic/mckenney-lacan-calculus-2025-11-28/mckenney-lacan_music_10_scores_classics/mckenney-lacan-calculus-deathofsalemanv1 - Beat 1-29.csv,7373,3c3431ae3cfec70c6db6ad959c99840a2548aae0d21dec93010936c2913d9793
_attic/mckenney-lacan-calculus-2025-11-28/mckenney-lacan_music_10_scores_classics/mckenney-lacan-calculus-deathofsalemanv1 - Beat 1-5.csv,1544,f01fd84821bf3026ac3fc1ac2b5b2edd7eab445fa8bdd0401ff6a1fd494e153a
_attic/mckenney-lacan-calculus-2025-11-28/mckenney-lacan_music_10_scores_classics/miss_julie.txt,389785,d77f8ba3706329cfc86658bb8713abbdf770748e7eac9ff90dd4520084ec8e32
_attic/mckenney-lacan-calculus-2025-11-28/mckenney-lacan_music_10_scores_classics/oedipus_rex.txt,244784,b820141c4c725006b1307965f65fb60027765a921d9b2c714d0329e813a0d631
_attic/mckenney-lacan-calculus-2025-11-28/mckenney-lacan_musical_notatoin/SYMPHONIC_CALCULUS_SWOT_REPORT.md,3639,55c1ee1972749b353499429e0eda955c9319ee4c996b03549d5ec4b3222c6e50
_attic/mckenney-lacan-calculus-2025-11-28/mckenney-lacan_musical_notatoin/musical_gnn_engine.py,4233,e5248ea1aaaf3369846bc0284c1cdcc87f1fbb255753bf5d6b5de2974b19d97e
_attic/mckenney-lacan-calculus-2025-11-28/mckenney-lacan_musical_notatoin/symphonic_calculus_score.json,59362,94b0a7933a055fc41e636fb2ef6026ddf775a061429ed28ed6bc3faff770ac6e
_attic/mckenney-lacan-calculus-2025-11-28/musical_gnn_engine.py,4233,e5248ea1aaaf3369846bc0284c1cdcc87f1fbb255753bf5d6b5de2974b19d97e
_attic/mckenney-lacan-calculus-2025-11-28/neo4j-schema/01_MCKENNEY_LACAN_NEO4J_SCHEMA.cypher,24184,a0ffe0b12d0460a210ec17b87019c98ef33dfc25ffa95fce770a2082d38ae11a
_attic/mckenney-lacan-calculus-2025-11-28/neo4j-schema/02_MCKENNEY_LACAN_CYPHER_LIBRARY.cypher,26845,2478e8845037830142eb5820f50cdb9c892c54680b4a4f292c9cd680fb065d09
_attic/mckenney-lacan-calculus-2025-11-28/neo4j-schema/03_MCKENNEY_LACAN_GAP_ANALYSIS.md,14140,47dddfacf1bea3cfe32526dc18057e433d43c541e672e7482069b985543e5b2e
_attic/mckenney-lacan-calculus-2025-11-28/neo4j-schema/04_MCKENNEY_LACAN_UNIFIED_API.yaml,37229,91df4d2dc96c55df843fadab0eaa9e7db400cd1d7037153eafcb8db6aae56c6f
_attic/mckenney-lacan-calculus-2025-11-28/symphonic_calculus_score.json,59362,94b0a7933a055fc41e636fb2ef6026ddf775a061429ed28ed6bc3faff770ac6e
_attic/mckenney-lacan-theory/01_Use_case_cyber/04_PSYCHOHISTORY_EXECUTIVE_SUMMARY_v3.0_2025-11-19.text.gdoc,182,5a7f9be2efb26489d0ba9c7e5349ab3448ab904c8832473a580fb713159146ae
_attic/mckenney-lacan-theory/01_Use_case_cyber/Biases_Academic_Synthesis.md.gdoc,182,93db6dcd036609dbf09a34782aa595c79e06af5b38153afc61fb35b30c3718c6
_attic/mckenney-lacan-theory/01_Use_case_cyber/Cyber Pyschohistory.gdoc,182,6e25ac94decbd103a31c790ff90d189b690ab494e89657dc9928f4553fbd54b9
_attic/mckenney-lacan-theory/01_Use_case_cyber/Cyber_Corporate_Personality_Assessments/01_DISC_Assessment_Security_Applications.md.gdoc,182,21e0a90a16b4a3a10c753a94c55aeed2a26474f9afb7b299e50e4c487c0c949a
_attic/mckenney-lacan-theory/01_Use_case_cyber/Cyber_Corporate_Personality_Assessments/02_Hogan_Assessments_Insider_Risk.md.gdoc,182,83fb7fb45614eb8416f607b7a30072f5d3ab442e7c790ba80488b66a2b980e21
_attic/mckenney-lacan-theory/01_Use_case_cyber/Cyber_Corporate_Personality_Assessments/03_CliftonStrengths_Talent_Security_Profile.md.gdoc,182,d0c9389d128437ba6fd65f6280a7bef994f9a6fb33ac22acc9ab27132c344976
_attic/mckenney-lacan-theory/01_Use_case_cyber/Cyber_Psychohistory_Demographics/01_Psychohistory_Population_Cyber_Behavior.md.gdoc,182,f711c8398d845aa4749174a9bf938a11aaca13eb59bdbd1511d61e455066f213
_attic/mckenney-lacan-theory/01_Use_case_cyber/Cyber_Psychohistory_Demographics/02_Demographic_Cohorts_Cyber_Threat_Landscape.md.gdoc,182,1e0160b90581cecac6c5a8d8a30cbad830b44c148d30f7f122b06dc08ad576af
_attic/mckenney-lacan-theory/01_Use_case_cyber/Cyber_Psychohistory_Demographics/03_Urbanization_Digital_Infrastructure_Risk.md.gdoc,182,8a9024f05b5ee13fbde2c61d50436088b2005fdc3fbfeb951568c3439b7360f5
_attic/mckenney-lacan-theory/01_Use_case_cyber/Cyber_Psychohistory_Demographics/04_Generational_Analysis_Attack_Patterns.md.gdoc,182,5ce60018db51c21453cf2e1e4b08b3229623a9101f9be8f272b1f8e8cd9841bc
_attic/mckenney-lacan-theory/01_Use_case_cyber/Cyber_Psychohistory_Demographics/05_Socioeconomic_Stratification_Threat_Actors.md.gdoc,182,5a97cc5323a732aee8a13b692554301a556fb1ec342533d3a95b00f1951f08bb
_attic/mckenney-lacan-theory/01_Use_case_cyber/Cyber_Psychohistory_Demographics/06_Cultural_Evolution_Cyber_Norms.md.gdoc,182,250d4fd94df38ebaa34bae3202d390904a085cc29e54a48b13d0c7c0b1230827
_attic/mckenney-lacan-theory/01_Use_case_cyber/PSYCHOHISTORY_MATH_SCHEMA.md.gdoc,182,19d7e566e268733068a002c6be2d790909689cddf1532c24b61c366506860c80
_attic/mckenney-lacan-theory/01_Use_case_cyber/Pyschohistur Mckenney vision.gdoc,182,ad6c623a92ee0091e9544ad0ff757855e8737e313e485540bd78a55de7a1b5e0
_attic/mckenney-lacan-theory/01_Use_case_cyber/Unified_Personality_Matrix_Academic.md.gdoc,182,28318a2221eb1feab891db6fd7c9f732a02b5c1da0aa542ae61d540730c7ca65
_attic/mckenney-lacan-theory/01_Use_case_cyber/pyschohisotry overall.md.gdoc,182,28b15686350ade0ff445dd65d27bcde963dee501c3b7df5f8f80930945d86c69
_attic/mckenney-lacan-theory/02.5_Personality_Frameworks/01_DISC_Assessment_Security_Applications.md.gdoc,182,6e353c3137969aacf4e223a334e4c5e93556901ad73eb41522946ba8b74aa0d6
_attic/mckenney-lacan-theory/02.5_Personality_Frameworks/02_Hogan_Assessments_Insider_Risk.md.gdoc,182,25c75752e9cca3e4b9c9c5a0f8bcadf808483a43a5a7d486c29a4cd2806bc313
_attic/mckenney-lacan-theory/02.5_Personality_Frameworks/03_CliftonStrengths_Talent_Security_Profile.md.gdoc,182,8fc59faed844967f09fde9c9547b9a9b2b38e8607a8b0e7308012e6ff20bae35
_attic/mckenney-lacan-theory/02.5_Personality_Frameworks/Agreeableness.md.gdoc,182,337b4ee46b4668815dbbf5e88b638a50685df8ab4e2571f3a151d54b7b08936f
_attic/mckenney-lacan-theory/02.5_Personality_Frameworks/Anxious_Preoccupied_Attachment.md.gdoc,182,6aa7e47f0cb7a34b6c4e10e5149902c07d86ec64dbd567bbd532ca5d98aeff4d
_attic/mckenney-lacan-theory/02.5_Personality_Frameworks/COMPLETION_REPORT.md.gdoc,182,158828b06d7575eacb904bc598d22f4c7307c46086e43ab64b097ee42df7624f
_attic/mckenney-lacan-theory/02.5_Personality_Frameworks/Cognitive_Functions.md.gdoc,182,70347bd8c86ec5716af63234dcf7804ed1703a72f0370b9523dbb8fd3b648e14
_attic/mckenney-lacan-theory/02.5_Personality_Frameworks/Conscientiousness.md.gdoc,182,007ac62c0e9bc918e3b331c3695ad0ea1fec88c05d89ebb3931cfecb3ce7aafe
_attic/mckenney-lacan-theory/02.5_Personality_Frameworks/Corporate_Psychopathy_Factor1.md.gdoc,182,d66051559ac1113f01250964ca6e3e8981e0348304b64a5795d04dad1b1fd9f3
_attic/mckenney-lacan-theory/02.5_Personality_Frameworks/Corporate_Psychopathy_Factor2.md.gdoc,182,b4ebb5767a2cbd29472c9f27f407c4a10cd4f9132af648ec2f61a0f9a44b68cc
_attic/mckenney-lacan-theory/02.5_Personality_Frameworks/Dismissive_Avoidant_Attachment.md.gdoc,182,2df150db822efe1827a275c42c27a640cd8cad492cba2a9c3f82234bdcdb9815
_attic/mckenney-lacan-theory/02.5_Personality_Frameworks/ENFJ_Type.md.gdoc,182,8c0576f956f37bb71032b8e90ebc8057197bd9977842e0770cff7fbdf2dbab79
_attic/mckenney-lacan-theory/02.5_Personality_Frameworks/ENFP_Type.md.gdoc,182,5e8f63f5eb81618534b2a80da78b0e0e86b481306af75ed271bee270e9edc965
_attic/mckenney-lacan-theory/02.5_Personality_Frameworks/ENTJ_Type.md.gdoc,182,4917f24789c0615beb24e5a56312bafb67be5b0b5164e4d329c308a3a63321d0
_attic/mckenney-lacan-theory/02.5_Personality_Frameworks/ENTP_Type.md.gdoc,182,1536043340c21064570f7ca059b58f3e74b25b852eb26d8c22febe0220f337ee
_attic/mckenney-lacan-theory/02.5_Personality_Frameworks/ESFJ_Type.md.gdoc,182,e7da4a7b65b2d08b43288789567e0dd66d2d1d00b25eddc205ae460fe840b546
_attic/mckenney-lacan-theory/02.5_Personality_Frameworks/ESFP_Type.md.gdoc,182,7c3ad1f4e2ec86e165dfd0039857341a6cd0b2d39865fc49f99d6390e4654808
_attic/mckenney-lacan-theory/02.5_Personality_Frameworks/ESTJ_Type.md.gdoc,182,0047491e5c2683bbf9730a13f97afdfbb6012523e5632d3205cedb4b30718e4f
_attic/mckenney-lacan-theory/02.5_Personality_Frameworks/ESTP_Type.md.gdoc,182,be9e80c83792c86c5162ec89f5e36940d3593149324b7f2c8cc39ddd882d1621
_attic/mckenney-lacan-theory/02.5_Personality_Frameworks/Emotionality.md.gdoc,182,09dd28508d290632b17d8ea1a41940e77d05ee0d12cca11699b1e5e594cd142d
_attic/mckenney-lacan-theory/02.5_Personality_Frameworks/Entitlement_Exploitativeness.md.gdoc,182,df3f11b5f9c516b4fe99ae6f3a22afc46c40784ba49c7356a2f5e67da89288b1
_attic/mckenney-lacan-theory/02.5_Personality_Frameworks/Extraversion.md.gdoc,182,090636179aea54aa66ee21e5f1810836c820e5f1315db4431998d2ddd98dfb24
_attic/mckenney-lacan-theory/02.5_Personality_Frameworks/Fearful_Avoidant_Attachment.md.gdoc,182,ecebdb9a3db51420d06403213cdaca7fd44e8a4b73285178a4c2d5e37a2afb2c
_attic/mckenney-lacan-theory/02.5_Personality_Frameworks/Grandiosity_Leadership.md.gdoc,182,4dd7db7622c1a0bcdb5090c4742c563d5383146ec6310f0c1b13362d9d1ccf18
_attic/mckenney-lacan-theory/02.5_Personality_Frameworks/HEXACO_Profiles.md.gdoc,182,cf9806fd5be3629e31b587eba5aa225feaf746b9599236cc008447f626d3b7b7
_attic/mckenney-lacan-theory/02.5_Personality_Frameworks/Honesty-Humility.md.gdoc,182,901ef70a9c7f89364918e9609198f19bb52fd95ba5e00439159faa5d2e79743c
_attic/mckenney-lacan-theory/02.5_Personality_Frameworks/INFJ_Type.md.gdoc,182,80f4eefe419d9e58a5acd5aa63a14b4d060530c5a3fef533b2e9780ee527befa
_attic/mckenney-lacan-theory/02.5_Personality_Frameworks/INFP_Type.md.gdoc,182,57a0f0428eb702b313ee5b651070397f0ce0bf266d96441a4eda7aa5b9758e86
_attic/mckenney-lacan-theory/02.5_Personality_Frameworks/INTJ_Type.md.gdoc,182,727a3e2ec6a01e045e852bad0d8f2a53dfe15793977870da8a2965663b87f4f4
_attic/mckenney-lacan-theory/02.5_Personality_Frameworks/INTP_Type.md.gdoc,182,ceb0e8cf53d37ac32aa05c55fd5832e2a07777dfc56d011bfa6df18685799564
_attic/mckenney-lacan-theory/02.5_Personality_Frameworks/ISFJ_Type.md.gdoc,182,35b407fdc01fa2d21b20aacf8f11179791c5f1ed6d0357907f527c00afe2df75
_attic/mckenney-lacan-theory/02.5_Personality_Frameworks/ISFP_Type.md.gdoc,182,5f346b0a4db5a0fd43a74b1b96915a2fe0112fdd9fbd65a37e4d9a0b81b768d6
_attic/mckenney-lacan-theory/02.5_Personality_Frameworks/ISTJ_Type.md.gdoc,182,b500f1567920d89cafdc26344e92ae14915e73e0955be01aae355a29bf5c96f9
_attic/mckenney-lacan-theory/02.5_Personality_Frameworks/ISTP_Type.md.gdoc,182,bbf0725e30d8ad68f69407f333dbba2f52792c4f16875862d775a5cb2df4d845
_attic/mckenney-lacan-theory/02.5_Personality_Frameworks/Manipulation_Deception.md.gdoc,182,8f907443fb7d2047799f280b06ee1a0e950cee3c2e843fbcefbabdd15514c876
_attic/mckenney-lacan-theory/02.5_Personality_Frameworks/Openness.md.gdoc,182,aca892be915049fd808081adf37f79413fb81b80d2152f77a5c823eddcc1be8e
_attic/mckenney-lacan-theory/02.5_Personality_Frameworks/Organizational_Attachment.md.gdoc,182,a9dbe289941602da2984cc5dc81135fdcf4e3a46622d20ae7d8e25cf0be761cb
_attic/mckenney-lacan-theory/02.5_Personality_Frameworks/README.md.gdoc,182,b060043c93e6b2f35401578d1864408aa0de94a01698e04303be62d9b330bee6
_attic/mckenney-lacan-theory/02.5_Personality_Frameworks/Secure_Attachment.md.gdoc,182,13ab5bce3cd958f32f7065c0d6a5637fe33b3989481d0a8838787ebe33aef8d9
_attic/mckenney-lacan-theory/02.5_Personality_Frameworks/Security_Culture_Implications.md.gdoc,182,af45fba26e7ec13f0b63d9630bea0c4752286c80433ee7dc1105cfed95d0f604
_attic/mckenney-lacan-theory/02.5_Personality_Frameworks/Trust_Betrayal_Dynamics.md.gdoc,182,74d884a79d9b0f9960be12379835341ca4e019a6e6eb16d629621b3b00c6e960
_attic/mckenney-lacan-theory/02.5_Personality_Frameworks/Type_1_Perfectionist.md.gdoc,182,31052bb09f03500cdc8f4d748e97925b41a3159b898ef8277fd52fce7d8498ec
_attic/mckenney-lacan-theory/02.5_Personality_Frameworks/Type_2_Helper.md.gdoc,182,592fed1003907fedcc8f84a69ea2f35da7f52ee5f9bca23f94e2c3877bde4220
_attic/mckenney-lacan-theory/02.5_Personality_Frameworks/Type_3_Achiever.md.gdoc,182,8f4ee8e2a60786335ed5b8d997345200c63cfe67e51f9f5ba374373dce3c83c1
_attic/mckenney-lacan-theory/02.5_Personality_Frameworks/Type_4_Individualist.md.gdoc,182,ec2d436f4afe4c52e1c5fe451e9e35279d3aa79d4181f40d01dd893a74bbdd9b
_attic/mckenney-lacan-theory/02.5_Personality_Frameworks/Type_5_Investigator.md.gdoc,182,2e34373c7f5b9214ec4d13727277fa3a4af2cc470ce7ecddf5d7a01c3d51a7eb
_attic/mckenney-lacan-theory/02.5_Personality_Frameworks/Type_6_Loyalist.md.gdoc,182,030996a62e8b01ef6f9c835df5c88a1a2869c2cff2f5701e149f4266830b4e5c
_attic/mckenney-lacan-theory/02.5_Personality_Frameworks/Type_7_Enthusiast.md.gdoc,182,e53591f87e3521f2833eedb2955cf991a11888a5a20998d6e45f705061b7c2de
_attic/mckenney-lacan-theory/02.5_Personality_Frameworks/Type_8_Challenger.md.gdoc,182,f6913dd6eac8bc896ef05eccedb229fc454ab72d66c1348a4dcd31ab295eca80
_attic/mckenney-lacan-theory/02.5_Personality_Frameworks/Type_9_Peacemaker.md.gdoc,182,9811320befb6b74805f26f84165f307dcf039ee06358fe39d0cfbe3229547230
_attic/mckenney-lacan-theory/02.5_Personality_Frameworks/Type_Dynamics.md.gdoc,182,32d1103e6a7966a3d3f46807fa7fd58e7e277d36a9e8c7f7fc95b1caeab33e21
_attic/mckenney-lacan-theory/02.5_Personality_Frameworks/Vulnerability_Covert_Narcissism.md.gdoc,182,40020feb41000f1ad73d05ebf04c2822a81ac9f16490f6acebe4c0d842267fb3
_attic/mckenney-lacan-theory/02.5_Personality_Frameworks/Wings_Integration_Paths.md.gdoc,182,cefb69699985bc1891ca30bc18cb49df55722a7433ddbb8e0070a26de30574e1
_attic/mckenney-lacan-theory/02_biases/Unfiied_Framework_Biases_Mckenney/Biases_individual/01_Availability_Heuristic_Security.md.gdoc,182,c9ed0879146c343af077f3152c0c895f2fce74766f1e6fb5d7ae81ee3831610f
_attic/mckenney-lacan-theory/02_biases/Unfiied_Framework_Biases_Mckenney/Biases_individual/01_Base_Rate_Fallacy_Threat_Assessment.md.gdoc,182,49cc7cb0fac450a69bd9af3bcdcb91104bde677cf59d872f70992a9f13e71225
_attic/mckenney-lacan-theory/02_biases/Unfiied_Framework_Biases_Mckenney/Biases_individual/01_Cognitive_Biases_In_Security_Operations.md.gdoc,182,844b8668b4eef0af0814a901632c37ab560d39cffef5a12a12e271b333f76fd3
_attic/mckenney-lacan-theory/02_biases/Unfiied_Framework_Biases_Mckenney/Biases_individual/01_Hindsight_Bias_Incident_Analysis.md.gdoc,182,1b1bf7ab70a26cd8f24ddb762f3af7c93fcbfba941f9ca213f8925a23ffc62b8
_attic/mckenney-lacan-theory/02_biases/Unfiied_Framework_Biases_Mckenney/Biases_individual/01_Ingroup_Bias_Team_Dynamics.md.gdoc,182,39c90f28a259c016682df54a0327f748deb9b5abda0bf4b9c19f524cb87289e0
_attic/mckenney-lacan-theory/02_biases/Unfiied_Framework_Biases_Mckenney/Biases_individual/02_Anchoring_Bias_Risk_Assessment.md.gdoc,182,f88e0e423c161acbf8e61bc61be10f7db4f4bd334f0d36f73cbc467cf13ee6a9
_attic/mckenney-lacan-theory/02_biases/Unfiied_Framework_Biases_Mckenney/Biases_individual/02_Behavioral_Economics_Security_Decisions.md.gdoc,182,9622baa4ccd6b841a9ee8ad51803ad68d04e9c16b4f6b9d00de32097d9947057
_attic/mckenney-lacan-theory/02_biases/Unfiied_Framework_Biases_Mckenney/Biases_individual/02_Fundamental_Attribution_Error.md.gdoc,182,1d9a283bb418cd8d615a27bd7fbf50ce694133006f28b7d00b06db8f77a77a70
_attic/mckenney-lacan-theory/02_biases/Unfiied_Framework_Biases_Mckenney/Biases_individual/03_Insider_Threat_Cognitive_Biases.md.gdoc,182,6c929ea1ade6788db7dcaaf1205d6116ef7eb7c816bbd1d2d0362affb87647a4
_attic/mckenney-lacan-theory/02_biases/Unfiied_Framework_Biases_Mckenney/Biases_individual/03_Sunk_Cost_Fallacy_Security.md.gdoc,182,ad06e6e8d67afd4f2478a40205c2cf8274d316784595f19e420bd40db1d8fecb
_attic/mckenney-lacan-theory/02_biases/Unfiied_Framework_Biases_Mckenney/Biases_individual/04_Framing_Effect_Security_Communications.md.gdoc,182,0387b0f28695be84036cd9a5dc309d737fafc133e72ba7e015d192908f66445a
_attic/mckenney-lacan-theory/02_biases/Unfiied_Framework_Biases_Mckenney/Biases_individual/04_Social_Engineering_Cognitive_Exploits.md.gdoc,182,eb7c072f44e5767a7694b301f3a65bcc8b7c93e426df6129d2d445141569adc4
_attic/mckenney-lacan-theory/02_biases/Unfiied_Framework_Biases_Mckenney/Biases_individual/05_Status_Quo_Bias.md.gdoc,182,55e351f03796ab200cfcc6d46657365a20eafac4bc02709bbf40f4dbcc32fc61
_attic/mckenney-lacan-theory/02_biases/Unfiied_Framework_Biases_Mckenney/Biases_individual/06_Representativeness_Heuristic.md.gdoc,182,5252e6a7905654097d00d1eb916c9a207dd86cc8586fac54d9a9b90dccb68c73
_attic/mckenney-lacan-theory/02_biases/Unfiied_Framework_Biases_Mckenney/Biases_individual/07_Confirmation_Bias_Investigation.md.gdoc,182,598638ccd1b99789296918f2564f18d96e365656f7a56c610dd84e0afb5d57bb
_attic/mckenney-lacan-theory/02_biases/Unfiied_Framework_Biases_Mckenney/Biases_individual/08_Overconfidence_Bias_Security.md.gdoc,182,8093fd6f02ad31f93df5ef75ca27e72adc38b081af08b1ac6888c4719aefd13a
_attic/mckenney-lacan-theory/02_biases/Unfiied_Framework_Biases_Mckenney/Biases_individual/Attentional_Bias_Threat.md.gdoc,182,8383a5a99fa34cd6d84bb05529af0232f64bcec3bf8db5e4e8981f656196cb21
_attic/mckenney-lacan-theory/02_biases/Unfiied_Framework_Biases_Mckenney/Biases_individual/Authority_Bias.md.gdoc,182,b72024cfd5d0a24bdadcd541693877c49ba7d50297f441a804f60a6c728a8460
_attic/mckenney-lacan-theory/02_biases/Unfiied_Framework_Biases_Mckenney/Biases_individual/Bandwagon_Effect_Bias.md.gdoc,182,0dfdbf3dd1595bf1c9c1bd79dcf5e1fbe22b41d0a071498f9b2cd0726c0dda20
_attic/mckenney-lacan-theory/02_biases/Unfiied_Framework_Biases_Mckenney/Biases_individual/Base_Rate_Fallacy_Bias.md.gdoc,182,bb5d60df08761af844b943003bfe7cb8ff538cf94b98eba42049787c90f73fb7
_attic/mckenney-lacan-theory/02_biases/Unfiied_Framework_Biases_Mckenney/Biases_individual/COMPLETION_REPORT.md.gdoc,182,2697c1170148b17bf4a675ac5c5913c63b6597df367f9f532cb1f01e6c7ca957
_attic/mckenney-lacan-theory/02_biases/Unfiied_Framework_Biases_Mckenney/Biases_individual/Change_Blindness_Bias.md.gdoc,182,189673b0024e7341f5eb3601ab41848920f8f5b68ece9d140ec6c68cc20f4bcf
_attic/mckenney-lacan-theory/02_biases/Unfiied_Framework_Biases_Mckenney/Biases_individual/Cocktail_Party_Effect_Bias.md.gdoc,182,4ef2d8b08dfe1e4b531bfb189e5865bb44bd3ae763dfbd009c944cde967b5df5
_attic/mckenney-lacan-theory/02_biases/Unfiied_Framework_Biases_Mckenney/Biases_individual/Conjunction_Fallacy_Bias.md.gdoc,182,dea9308558031d9a0c228e3cab943660944a5604fa3f5d14e98672576f5a4d70
_attic/mckenney-lacan-theory/02_biases/Unfiied_Framework_Biases_Mckenney/Biases_individual/Cryptomnesia_Bias.md.gdoc,182,1f5910b66951cf7cb6106f5fd97b41f7edc8075c0bf6911ac62423834b00277b
_attic/mckenney-lacan-theory/02_biases/Unfiied_Framework_Biases_Mckenney/Biases_individual/EXECUTIVE_SUMMARY.md.gdoc,182,d6f83500219ac99f53677a0ad199a6739263cb29f776892170493c12fd9ae32a
_attic/mckenney-lacan-theory/02_biases/Unfiied_Framework_Biases_Mckenney/Biases_individual/False_Consensus_Effect_Bias.md.gdoc,182,9ed525ef5e08315f748b7616f9e9aedbcf55e2911e43c72e9f096b6e2dc31312
_attic/mckenney-lacan-theory/02_biases/Unfiied_Framework_Biases_Mckenney/Biases_individual/False_Memory_Bias.md.gdoc,182,3a6050e86413774be3bfd2ded904022d5a4bf484b57d0a79d08d830df16feef0
_attic/mckenney-lacan-theory/02_biases/Unfiied_Framework_Biases_Mckenney/Biases_individual/Frequency_Illusion_Bias.md.gdoc,182,55d2404efe275e545e6da348315c4bc59ada3cbc0cac063cd33c81e3c3f0f292
_attic/mckenney-lacan-theory/02_biases/Unfiied_Framework_Biases_Mckenney/Biases_individual/Gamblers_Fallacy_Bias.md.gdoc,182,fda6c488fa33cb5a94cc2b92d954578f527ba247c165662eed63f373f5926040
_attic/mckenney-lacan-theory/02_biases/Unfiied_Framework_Biases_Mckenney/Biases_individual/Groupthink_Bias.md.gdoc,182,10bbaa26e0266b82ab17c70d6e70b21662526efe6a898107fc0dc22a39296b4d
_attic/mckenney-lacan-theory/02_biases/Unfiied_Framework_Biases_Mckenney/Biases_individual/Hot_Hand_Fallacy_Bias.md.gdoc,182,16d8c70f3e5b0118aaa9b21a9ba67aebc92cc984a745ea123725ce10fa6d0511
_attic/mckenney-lacan-theory/02_biases/Unfiied_Framework_Biases_Mckenney/Biases_individual/Inattentional_Blindness_Bias.md.gdoc,182,1b6c53d0557e9c0a6198ce54d0e43880a1689a2a6450e2b598c4adfd65316010
_attic/mckenney-lacan-theory/02_biases/Unfiied_Framework_Biases_Mckenney/Biases_individual/Peak_End_Rule_Bias.md.gdoc,182,961539fe4008fce0c5e66117ce07d070bde076391e93cd909675f7d4bb698af2
_attic/mckenney-lacan-theory/02_biases/Unfiied_Framework_Biases_Mckenney/Biases_individual/Pluralistic_Ignorance_Bias.md.gdoc,182,c610417e351400d378d47763db75117442fa9c0e301aa8e8164dc26e6dccb490
_attic/mckenney-lacan-theory/02_biases/Unfiied_Framework_Biases_Mckenney/Biases_individual/Regression_to_Mean_Bias.md.gdoc,182,68f9a70616a5d9f1bedb7db304670c00c000e9d7fe7613365e4cb7c4878b283f
_attic/mckenney-lacan-theory/02_biases/Unfiied_Framework_Biases_Mckenney/Biases_individual/Rosy_Retrospection_Bias.md.gdoc,182,73cbb627234606e5c6693ca37710051ac9dc12984369b87657280a283e9a2cdd
_attic/mckenney-lacan-theory/02_biases/Unfiied_Framework_Biases_Mckenney/Biases_individual/Sample_Size_Neglect_Bias.md.gdoc,182,2c0ac64cd58af5a1be9cbd04723b1109755c8374b224939c1a0752020f96fc94
_attic/mckenney-lacan-theory/02_biases/Unfiied_Framework_Biases_Mckenney/Biases_individual/Selective_Attention_Bias.md.gdoc,182,8921567fbdb14c5e0b4b1da484e9b274b05f54e7aab0597003703b6da5d03a7e
_attic/mckenney-lacan-theory/02_biases/Unfiied_Framework_Biases_Mckenney/Biases_individual/Shared_Information_Bias.md.gdoc,182,0ba0a3773514e3979ccfacaf17ccf759f4943866f5e226e79f1b1cdc75db02f4
_attic/mckenney-lacan-theory/02_biases/Unfiied_Framework_Biases_Mckenney/Biases_individual/Social_Biases_Just_World_Hypothesis.md.gdoc,182,34793fd14b928967fff2f633ff990505dfb2d70d6925fa2ebd636fd38cb112df
_attic/mckenney-lacan-theory/02_biases/Unfiied_Framework_Biases_Mckenney/Biases_individual/Social_Biases_OutGroup_Homogeneity.md.gdoc,182,e73faeb1300aeb685b513df933ed874a60ec574ddeaf95312f5582edf86dc59d
_attic/mckenney-lacan-theory/02_biases/Unfiied_Framework_Biases_Mckenney/Biases_individual/Social_Biases_Self_Serving.md.gdoc,182,34374aa74c23547e83d9ffb9e44cbd40b9dc6ea5d480ad04fd856d11164f05e2
_attic/mckenney-lacan-theory/02_biases/Unfiied_Framework_Biases_Mckenney/Biases_individual/Source_Confusion_Bias.md.gdoc,182,c933f581f9b34d36570b11f92da0beca731a1c643bfd147bebfbc23276d3d802
_attic/mckenney-lacan-theory/02_biases/Unfiied_Framework_Biases_Mckenney/Biases_individual/System_Justification_Bias.md.gdoc,182,5f69ddd236abdae8f1816b70c5f3cb3bf72ad38d088286059c9fad2ee2ca8c26
_attic/mckenney-lacan-theory/06_mckenney_lacan_unified_theory/00_Deep_Layering_Plan.md.gdoc,182,85cb01901e01462e776b293c8c43cd8b1d55c54a5d2d76ea69fe070871be9f83
_attic/mckenney-lacan-theory/06_mckenney_lacan_unified_theory/00_Unified_Theory_Master_Index.md.gdoc,182,249112f292dabd0d444a3f5e77fac21bd11fca408904a1590af987126a8ef730
_attic/mckenney-lacan-theory/06_mckenney_lacan_unified_theory/00_Unified_Theory_Master_Syllabus.md.gdoc,182,1a125f7b17a9927373ba5737426f24a719fb8ca39b534bbc93c957c7fac82c4b
_attic/mckenney-lacan-theory/06_mckenney_lacan_unified_theory/01_Vol_00_Laymans_Primer.md.gdoc,182,068c725e6721faa1e5354206fc81378d8a6e2e7f4229a7083eb375fc6d2a39a5
_attic/mckenney-lacan-theory/06_mckenney_lacan_unified_theory/02_Vol_01_Foundations.md.gdoc,182,174575083f58dc4c21ab679291ebf7103649812f2247c7de3dcc57184c5f47a8
_attic/mckenney-lacan-theory/06_mckenney_lacan_unified_theory/02_Vol_II_Kinematics.md.gdoc,182,3026cf66df7e4b61e82ff44bdabcfaee453726c21a27815de04c65bfd8289e4a
_attic/mckenney-lacan-theory/06_mckenney_lacan_unified_theory/03_Vol_02_Kinematics.md.gdoc,182,ff1cada073a7897459bfec727d1e48e8ca89e7f6f3dde3c3c02c1040ca290578
_attic/mckenney-lacan-theory/06_mckenney_lacan_unified_theory/03_Vol_III_Dynamics.md.gdoc,182,ddbe2cd3c79c8240a53fe41bb920e6498d235484db190684ebad619cb115a8fd
_attic/mckenney-lacan-theory/06_mckenney_lacan_unified_theory/04_Vol_03_Dynamics.md.gdoc,182,a8143934b9de376297f92c2eb64e3039e48a87b6b9e1140284bc9fce2ea2031e
_attic/mckenney-lacan-theory/06_mckenney_lacan_unified_theory/04_Vol_IV_Directors_Score.md.gdoc,182,eb2ecbd40646cd43a9bba889ac7388b7b0f5b2bd4dd65843416570cdad0abd65
_attic/mckenney-lacan-theory/06_mckenney_lacan_unified_theory/05_Vol_04_Network_Physics.md.gdoc,182,9fc3dbf679c1e6c1256fa3499c064ae6bd73c109b0bff329864d2c34a5f1c947
_attic/mckenney-lacan-theory/06_mckenney_lacan_unified_theory/05_Vol_V_Synthesis.md.gdoc,182,8c17d79349ee65229090987cfd612bad1ce295d5df99273b1dd9267dd987f9d8
_attic/mckenney-lacan-theory/06_mckenney_lacan_unified_theory/06_Vol_05_Thermodynamics.md.gdoc,182,ed052bbf3fe13ec2388f5d524246fbe1dfedf46cdaeb13d4a1d6c97eab776734
_attic/mckenney-lacan-theory/06_mckenney_lacan_unified_theory/06_Vol_VI_Technical_Architecture.md.gdoc,182,1f9ff33fff9d9f4f5a39c8a8a65d222924350d51379e90d40f548cc9c9bcf2f0
_attic/mckenney-lacan-theory/06_mckenney_lacan_unified_theory/07_Vol_06_Technical_Architecture.md.gdoc,182,1fe724c10102825d07dfb7db86ec4b3f7348ac9419a1b11b6d1ad9305bc7d094
_attic/mckenney-lacan-theory/06_mckenney_lacan_unified_theory/07_Vol_VII_Bayesian_Prediction.md.gdoc,182,fdf98f8b3b9a6d3176b8c87a9857a4e9fd49c051dcdcc736d40404cad52e4aa9
_attic/mckenney-lacan-theory/06_mckenney_lacan_unified_theory/08_MoE_Critical_Review.md.gdoc,182,6432e621a8654c745602add3d086f4fd58f7c63d35359a63faddec62f346ec26
_attic/mckenney-lacan-theory/06_mckenney_lacan_unified_theory/08_Vol_07_Predictive_Mechanics.md.gdoc,182,fcb726f81437d69cdd7121e72e0f545451dc4f1c77f55c680e7557a30cdfeaf3
_attic/mckenney-lacan-theory/06_mckenney_lacan_unified_theory/08_Vol_VIII_Psychohistory_Engine.md.gdoc,182,3a6ff786f1bfc0d3acd94f3fa1e52cceb2034c1466ebb61d7ca3b90a84b7a4b9
_attic/mckenney-lacan-theory/06_mckenney_lacan_unified_theory/09_Bibliography.md.gdoc,182,a1f052b4043facb40cc7012620c814031971a7c6c81014667a78925adca93509
_attic/mckenney-lacan-theory/06_mckenney_lacan_unified_theory/09_Vol_08_Psychohistory_Engine.md.gdoc,182,9c427285a0fc8249559db9675029d1530b2415d7fdbf934a0e58e5570e235ba2
_attic/mckenney-lacan-theory/06_mckenney_lacan_unified_theory/10_Appendix_A_Math_Codex.md.gdoc,182,e468aa27bff486f9d80aedd5bfc9a90eab1efc4c2efb1676748a6b667834bc2a
_attic/mckenney-lacan-theory/06_mckenney_lacan_unified_theory/10_Vol_09_Reference_Bibliography.md.gdoc,182,15c141b3e0af53ac6e3068c9cd275909eef455329e710c44c6d9df4fee69936f
_attic/mckenney-lacan-theory/06_mckenney_lacan_unified_theory/11_Math_Integration_Plan_v9.2.md.gdoc,182,049971f110609cf0a5bde089445df6c194b0555d4c00f1c714cb09449bbcc7de
_attic/mckenney-lacan-theory/06_mckenney_lacan_unified_theory/11_Vol_10_Appendix_Math_Codex.md.gdoc,182,888e181baf9fd043e0030ca79de768fb313e1af30a52ccfe6368320ce6a9bdac
_attic/mckenney-lacan-theory/06_mckenney_lacan_unified_theory/12_Vol_11_Computational_Sim.md.gdoc,182,99334c244eb5df56feb7d284b3f3114023ae2b4344e6ab3753dd8e8e1ad7d0e9
_attic/mckenney-lacan-theory/06_mckenney_lacan_unified_theory/12_Vol_XII_Computational_Simulation.md.gdoc,182,35c0d8380bfb441ed529d2852127e69ce0966cc73c76a61322fac422b4d887a5
_attic/mckenney-lacan-theory/06_mckenney_lacan_unified_theory/13_Vol_12_Computational_Sim.md.gdoc,182,2c2021e2011122df29f47d33ab443755089857399d1729ed175b63fed31fb54f
_attic/mckenney-lacan-theory/06_mckenney_lacan_unified_theory/13_Vol_12_Digital_Twin.md.gdoc,182,1795a68772cafa5d7851da0a97a3d4d015a337cabc4028fdc8edb69962099d6a
_attic/mckenney-lacan-theory/06_mckenney_lacan_unified_theory/13_Vol_XIII_Digital_Twin.md.gdoc,182,bbc258cb2f67ecf2bf8f34e77eb026f212f3ce7b06d1e7cad8553b21f18e4ce5
_attic/mckenney-lacan-theory/06_mckenney_lacan_unified_theory/14_Vol_13_Digital_Twin.md.gdoc,182,16576b22dceba3adc91c751f5dbae4a890029d7de3e85f77a29b38888278f07a
_attic/mckenney-lacan-theory/06_mckenney_lacan_unified_theory/14_Vol_13_Organizational_Physics.md.gdoc,182,24319dbe2eec05afe8664dd3e5b98823e8f4ad3f331b582630e6a06b89d76a03
_attic/mckenney-lacan-theory/06_mckenney_lacan_unified_theory/14_Vol_XIV_Organizational_Physics.md.gdoc,182,c824c5457958ea0bf67c276d06c0cbbd5eb4bbab85798346f224dbf2ba9fada5
_attic/mckenney-lacan-theory/06_mckenney_lacan_unified_theory/15_Critique_Grand_Equation.md.gdoc,182,332ebe24016239f975df368b3de4d8af4e720f4616ad3513f628cb5b6eb5c4b3
_attic/mckenney-lacan-theory/06_mckenney_lacan_unified_theory/15_Vol_14_Advanced_Simulations.md.gdoc,182,a92860290a0bfc4b07e7d552d8c9bf7e4535646526c1b53d814392f868dd82b1
_attic/mckenney-lacan-theory/06_mckenney_lacan_unified_theory/15_Vol_14_Organizational_Physics.md.gdoc,182,14dc7fb23dedc25b22f497ac68604726c26a70f3668a724535b30e2f23727bee
_attic/mckenney-lacan-theory/06_mckenney_lacan_unified_theory/16_Vol_15_Advanced_Simulations.md.gdoc,182,e7264e0ca0ce2d1b8eace4fe998e43069ed52ded524637a237c4e74dcf1e6dfd
_attic/mckenney-lacan-theory/06_mckenney_lacan_unified_theory/16_Vol_15_Cognitive_Bias_Atlas.md.gdoc,182,e40ecc74b75026ccb0ce10d46ee6136de751236c273f3727f86f433e6051a478
_attic/mckenney-lacan-theory/06_mckenney_lacan_unified_theory/16_Vol_XV_Advanced_Simulations.md.gdoc,182,a82d1439b3b759514b6f6d727bfd017838f129d13e997f178f82354ca5bf67d6
_attic/mckenney-lacan-theory/06_mckenney_lacan_unified_theory/17_Vol_16_Cognitive_Bias_Atlas.md.gdoc,182,9cc0bb50b8d0deead360259029ad1118f348ed449f8c7036487e0ce5b3960115
_attic/mckenney-lacan-theory/06_mckenney_lacan_unified_theory/17_Vol_XVI_Cognitive_Bias_Atlas.md.gdoc,182,399d9097083687336ec739b706180bd6ff15882d9a719b0f203a727c4b748aec
_attic/mckenney-lacan-theory/06_mckenney_lacan_unified_theory/90_Archive_Deep_Layering_Plan.md.gdoc,182,e1e50a5f252862c77fb332f6fe833a537ac25b6edac0b34ab4371e49b4c43801
_attic/mckenney-lacan-theory/06_mckenney_lacan_unified_theory/91_Archive_Master_Syllabus.md.gdoc,182,994cc3322112bc1b35032518d165a6452a7f6bdd675f62d5bc1ebb569850f275
_attic/mckenney-lacan-theory/06_mckenney_lacan_unified_theory/92_Archive_MoE_Review.md.gdoc,182,a4462037b164136b66ae56c7fd84f6f3a9b697dd7307839ac7cce7fad1e9b2e3
_attic/mckenney-lacan-theory/06_mckenney_lacan_unified_theory/93_Archive_Math_Plan.md.gdoc,182,c63c5b83f108dcce396f91adabf3fde05aca5ed77858bbf679f1dcd2c2760970
_attic/mckenney-lacan-theory/06_mckenney_lacan_unified_theory/94_Archive_Critique_Grand_Eq.md.gdoc,182,9b71e5eb7bef4e8b15833487417724b20067f84a8c63d4fa88578bdbbd5488ae
_attic/mckenney-lacan-theory/06_mckenney_lacan_unified_theory/final_cleanup.py,2124,3399b8c82952c6990e22db65178c1ff7e609775a926886d5e4d819f142b57378
_attic/mckenney-lacan-theory/06_mckenney_lacan_unified_theory/rename_script.py,1975,fafe2d452a144e942a192085b2909ec9e9393df4639f0ec0a5cf8a2ae366b84a
_attic/mckenney-lacan-theory/07_Lacanian_Reference_Library/01_Lacanian_Glossary.md.gdoc,182,85ee1490e298117409a4f0c8ef0d47b752802dc479a421c25639efcda973d93d
_attic/mckenney-lacan-theory/07_Lacanian_Reference_Library/02_Library_of_Works.md.gdoc,182,f3c00227e8513efa843322e72422902d4456c80238aa08a2c3789da5ef08c8da
_attic/mckenney-lacan-theory/07_Lacanian_Reference_Library/03_Concepts_and_Theories.md.gdoc,182,ee5060de26362ee6136e201885cbed210ff0ce2e28347d8a063b3a6c6f7c937c
_attic/mckenney-lacan-theory/07_Lacanian_Reference_Library/04_Mathemes_and_Topology.md.gdoc,182,183a3fd2a3fe16436431b8167780e47a8eac129ed619adcd16da9b4ed0b4dd2e
_attic/mckenney-lacan-theory/07_Lacanian_Reference_Library/05_Use_Cases_and_Applications.md.gdoc,182,6f56c7911e882ff16ac8dd3eaa76866eaabd00f26554a088923bee4fad1bbd07
_attic/mckenney-lacan-theory/07_Lacanian_Reference_Library/Mckenney-lacan-calculus_4-0.md.gdoc,182,99701e7db0b30fe418ea647fc89f728de08e7a1b649017f2da710384aa2e848e
_attic/mckenney-lacan-theory/10_References_antigravity/Antigravity_Autonomous_Workflows.md.gdoc,182,019067fb1709b8397df5b01de74b8da705ef59ae205ee38a32de4c22301a64bc
_attic/mckenney-lacan-theory/10_References_antigravity/Antigravity_Gemini_Antigravity Extensions.md.gdoc,182,efd2e279c6d89424acddd6b56aad8540689ce3a60ba08bf8ef1f91dc2a7544a2
_attic/mckenney-lacan-theory/10_References_antigravity/Antigravity_Project_Rules_NNG_Conensus.md.gdoc,182,92e9c0591fea3997eb68a0f5fd44489fb80435f68131712bf203d43740b1f591
_attic/mckenney-lacan-theory/10_References_antigravity/Antigravity_Workflows.md.gdoc,182,802a2b6278d89b08df4cc56e6a614b45707c7dd5949e30d4eeee15fd60644c80
_attic/mckenney-lacan-theory/10_References_antigravity/DATA_REQUIREMENTS_E1_E12_INGESTION_PLAN.md.gdoc,182,5f0a5e641f6e0d8621d1a4871e917c3c5f680ac37397e2fa57990c64eec7850b
_attic/mckenney-lacan-theory/10_References_antigravity/Foundations_Psychohistory_Social_dynamics_physics.md.gdoc,182,1aee24373d18aacc39796b6f440cd8522fceceed9242a7590cf9915b0734d7d0
_attic/mckenney-lacan-theory/10_References_antigravity/Simulating Calculus with GGNN.gdoc,182,62d90cf5cd0e120ff5a2720129a38967638ac577676cfe6bcc4a1949fff5dd2f
_attic/mckenney-lacan-theory/API_PSYCHOMETRICS.md,2104,e9e90a19374604276b4c91c18f60c3f28d9f748bd523d22d9636149105e43f24
_attic/mckenney-lacan-theory/Music/Musica-psychometric-foundations_the_the_Clef,6050,6f8a705f30212317215cf87eedc020ec070a60d4241ca31f026f15a63a528b92
_attic/mckenney-lacan-theory/Music/Musica-theory-previous-work-HevnerCircle_GilboaMAP.md.gdoc,182,372cb40231ff23841e9743fc8b03592a90bacf7d45df72b9d0789316c8ebb1d8
_attic/mckenney-lacan-theory/Music/Musica_integrated_framework.mc,17704,65b85ca286b25924b70a8e5a70df3586a6d4042344eedeca461e21f5f477cc7a
_attic/mckenney-lacan-theory/Music/Musical_Psychometric_Foundations.md.gdoc,182,b89a5a2dabf85a96c7c0338c46048df746872f5e78a87f906c981694c0197359
_attic/mckenney-lacan-theory/Music/The Loman Operator_ A Topological Score of Act I.md.gdoc,182,08afb267fab8a5b1fe7a8283f07ef752dbab5c149bd09525ea1a5e46670964da
_attic/mckenney-lacan-theory/mckenney-lacan-calculus-2025-11-28/01_Primer/Primer_01_MULTILINEAR_ALGEBRA_TENSORS.md,3104,a1de7c46ab9049339033234544f85e2b958c3cdb7e18774de6040e8784d2e1dd
_attic/mckenney-lacan-theory/mckenney-lacan-calculus-2025-11-28/01_Primer/Primer_02_TOPOLOGY_KNOT_THEORY.md,2761,b6db81adafaabb017bc13597eb088afbb42f730f92f0e7e6a049513bd14c5b62
_attic/mckenney-lacan-theory/mckenney-lacan-calculus-2025-11-28/01_Primer/Primer_03_RIEMANNIAN_GEOMETRY_CURVATURE.md,2561,a8b4629f3bd9b93e384ebaeab1150c9b6680590a43ec76c1f953c58f61e3a3cb
_attic/mckenney-lacan-theory/mckenney-lacan-calculus-2025-11-28/01_Primer/Primer_04_COMPLEX_ANALYSIS_RESIDUES.md,2738,573ae10c7ed12a82a5702d570858aa04716206e3b3ec6c98fe58415695629f46
_attic/mckenney-lacan-theory/mckenney-lacan-calculus-2025-11-28/01_Primer/Primer_05_ABSTRACT_ALGEBRA_GALOIS.md,2452,863354b2ac7cecc5a10d142a8d54b687c75aac0a5650552fda27fee6064ac8ef
_attic/mckenney-lacan-theory/mckenney-lacan-calculus-2025-11-28/01_Primer/Primer_06_CATEGORY_THEORY_TOPOI.md,2696,19a87057198e37279c873f618122518da13444391b22909f9e9a558e056e729a
_attic/mckenney-lacan-theory/mckenney-lacan-calculus-2025-11-28/01_Primer/Primer_07_STOCHASTIC_CALCULUS_ITO.md,2513,68894d8c8b7907d18a30648b36d1e0a966a9070b0ebe65ba806ff384d69fe4ea
_attic/mckenney-lacan-theory/mckenney-lacan-calculus-2025-11-28/01_Primer/Primer_08_QUANTUM_MECHANICS_HILBERT.md,2314,97c27c9360b4e7c6ba9609c08ab3f59b9ffa960320bb628b696c6d75bc1a16d5
_attic/mckenney-lacan-theory/mckenney-lacan-calculus-2025-11-28/01_Primer/Primer_09_STATISTICAL_MECHANICS_ENTROPY.md,2339,45f54705b2516ad2d17d75870974951327b05c19f6c65dff1e27e86326e7cf81
_attic/mckenney-lacan-theory/mckenney-lacan-calculus-2025-11-28/01_Primer/Primer_10_NUMBER_THEORY_MODULAR_FORMS.md,2441,ffab3d99c4b27a06fd3c9da2319cbbe5c2c859fef8d5f8bbda37cc715a18b552
_attic/mckenney-lacan-theory/mckenney-lacan-calculus-2025-11-28/02_Cycle Application/Cycle_01_SEMANTIC_WEB_ONTOLOGY.md,1765,6242b8bf76ad217a330ac179903d77fe0b99178e2787fdc45bb210abd6000c44
_attic/mckenney-lacan-theory/mckenney-lacan-calculus-2025-11-28/02_Cycle Application/Cycle_02_NEURAL_TENSOR_PYTORCH.md,1822,d7b45d6a70a3e8ef6e1d1fc92cb0bdb9f6ef4d9fd44e6d44da08170e3c267156
_attic/mckenney-lacan-theory/mckenney-lacan-calculus-2025-11-28/02_Cycle Application/Cycle_03_QUANTUM_CIRCUIT_QSHARP.md,1380,403765d7d52365d681c2c50fab41a59b76b1f9e16d5274cc33572532edd0f2ff
_attic/mckenney-lacan-theory/mckenney-lacan-calculus-2025-11-28/02_Cycle Application/Cycle_04_BIOLOGICAL_ENCODING_CRISPR.md,1542,d9a510a371c8fcd661500bb585e7dce34ecf8f175da46ee01c8aaa3fa342cf97
_attic/mckenney-lacan-theory/mckenney-lacan-calculus-2025-11-28/02_Cycle Application/Cycle_05_TOPOLOGICAL_KNOT_BRAIDING.md,1455,ac5d99ad6a393a1eb68a3b7623ce21287e341cb7276a55cce0338667948146ef
_attic/mckenney-lacan-theory/mckenney-lacan-calculus-2025-11-28/02_Cycle Application/Cycle_06_HOLOGRAPHIC_MAP_ADS_CFT.md,1500,fc8ae9c044334df9fef0d419c8b38f47626b5bc5c3c39ca0b14d400eed250bae
_attic/mckenney-lacan-theory/mckenney-lacan-calculus-2025-11-28/02_Cycle Application/Cycle_07_GAME_THEORETIC_PAYOFF_NASH.md,1521,9a0820d98b684778bc21374bb44c9052616c866f8d1ba2814d7962ff43ba37cb
_attic/mckenney-lacan-theory/mckenney-lacan-calculus-2025-11-28/02_Cycle Application/Cycle_08_THERMODYNAMIC_PHASE_SPACE.md,1716,09b426c14318a54b82c75ffeccf3ba39298b420f189c63eba34a8bb0ab556f75
_attic/mckenney-lacan-theory/mckenney-lacan-calculus-2025-11-28/02_Cycle Application/Cycle_09_CATEGORY_THEORETIC_SCHEMA.md,1528,96cfc2751c73ca186d0fa3819bc17c81c6f71051a91f13d4e615c883a0f58d08
_attic/mckenney-lacan-theory/mckenney-lacan-calculus-2025-11-28/02_Cycle Application/Cycle_10_OMEGA_POINT_FINAL_SILENCE.md,1364,1e8496b3ee7957a4b1109d70ff9170eb9fd7e9c0383c18600f0035ff56c8529c
_attic/mckenney-lacan-theory/mckenney-lacan-calculus-2025-11-28/03_Predictive application/Predictive_01_EPIDEMIC_THRESHOLDS_R0.md,2221,665591dfb30cfce574d54c534e911006d778b22160e77d125624a6f016330cdb
_attic/mckenney-lacan-theory/mckenney-lacan-calculus-2025-11-28/03_Predictive application/Predictive_02_ISING_DYNAMICS_OPINION.md,1996,70b040dd06385fbcaf10557c0e2843941f62be422f3c9180b93826dd56d75173
_attic/mckenney-lacan-theory/mckenney-lacan-calculus-2025-11-28/03_Predictive application/Predictive_03_GRANOVETTER_THRESHOLDS_CASCADE.md,1952,067d736c0506e07401196522110dddfd3fc37ceebc901d1a37060c5a7c71344a
_attic/mckenney-lacan-theory/mckenney-lacan-calculus-2025-11-28/03_Predictive application/Predictive_04_BIFURCATION_THEORY_CRISIS.md,1822,e167042631298f300eeb3c9816a603b5b55ebca0cb511d1a04bb414b1aa1f7f1
_attic/mckenney-lacan-theory/mckenney-lacan-calculus-2025-11-28/03_Predictive application/Predictive_05_CRITICAL_SLOWING_DOWN_EWS.md,1812,965c64bd21e354d94ac29aff6909d277fb277b509033cd51dbbec01f809cb4eb
_attic/mckenney-lacan-theory/mckenney-lacan-calculus-2025-11-28/05_mckenney-lacan_core/00_MCKENNEY_LACAN_RESEARCH_PLAN.md,3516,a4a05554c6e311c38eb348b49ea18e1b1437bc7e81df07c64c2a87ec584e7f36
_attic/mckenney-lacan-theory/mckenney-lacan-calculus-2025-11-28/05_mckenney-lacan_core/01_MCKENNEY_LACAN_THEOREM_UNIFIED.md,4526,40d5c41dc78ca83f3578b14a45e5a885be4cf6c5ae6baf996678f571a9c9a56a
_attic/mckenney-lacan-theory/mckenney-lacan-calculus-2025-11-28/05_mckenney-lacan_core/01_PSYCHOHISTORY_READINESS_MATRIX.md,13529,9911d9f7f382f8403062b27c95abd703dcdb1028b1e7c48d7005bbab4d3eee73
_attic/mckenney-lacan-theory/mckenney-lacan-calculus-2025-11-28/05_mckenney-lacan_core/02_CALCULUS_OF_CRITICAL_SLOWING.md,4156,7bd17857fbdbcf61d8cc807f419226f75f75b0bdf5fa02800b77efb4a15a1ad3
_attic/mckenney-lacan-theory/mckenney-lacan-calculus-2025-11-28/05_mckenney-lacan_core/02_MATHEMATICAL_PHYSICS_OF_CYBER_EPIDEMICS.md,9446,639665140e5015388e8c0f3efc3dbeb105fd271aaa6b975bef53ace3e8bcca07
_attic/mckenney-lacan-theory/mckenney-lacan-calculus-2025-11-28/05_mckenney-lacan_core/03_ISING_DYNAMICS_FOR_OPINION_PROPAGATION.md,8879,9b2ee001e33458f005f5df7b87b3d6f17d4535a29f26f5c1160b33e242055aba
_attic/mckenney-lacan-theory/mckenney-lacan-calculus-2025-11-28/05_mckenney-lacan_core/03_TOPOLOGY_OF_DIAD_AND_TRIAD.md,3824,6d7615fa226f0814fb573382b1b8982e3a5a689c31ab9e8dc5eb405200aefbb0
_attic/mckenney-lacan-theory/mckenney-lacan-calculus-2025-11-28/05_mckenney-lacan_core/04_GRANOVETTER_THRESHOLDS_IN_ATTACK_CASCADES.md,8063,def4b428a1e20a368ac19d614a70cbd0d838c2b0f5ecfa7e6b4b938ee239d8ad
_attic/mckenney-lacan-theory/mckenney-lacan-calculus-2025-11-28/05_mckenney-lacan_core/04_LACANIAN_MIRROR_AND_GROUP_DYNAMICS.md,3916,1085d407b92d3173415ff80eb96311eb0a9626f01d20f2ec87d01323cdb29971
_attic/mckenney-lacan-theory/mckenney-lacan-calculus-2025-11-28/05_mckenney-lacan_core/05_BIFURCATION_THEORY_AND_CRISIS_DETECTION.md,8137,f1c0a12dc13dd4033917a3cf9c16bbb46e4733725d7ed75cf9c4b8bc3cb368d8
_attic/mckenney-lacan-theory/mckenney-lacan-calculus-2025-11-28/05_mckenney-lacan_core/05_PSYCHOHISTORY_DIAGRAMS_v3.0_2025-11-19.md,56031,3756666ca968d4189fe1f18fa325cea639017af22431b30e5f4169889bb86533
_attic/mckenney-lacan-theory/mckenney-lacan-calculus-2025-11-28/05_mckenney-lacan_core/05_PSYCHOMETRIC_TENSOR_DISC_BIG5.md,4028,cd3abfa0876ed25c576fc0aaf57e3b68d3f4e5c985146459a690938c73a06c78
_attic/mckenney-lacan-theory/mckenney-lacan-calculus-2025-11-28/05_mckenney-lacan_core/06_CRITICAL_SLOWING_DOWN_EARLY_WARNINGS.md,6286,b0a361b2936608f5c15bea5fef3221a59d24ff27e44b4168879a41355603d15a
_attic/mckenney-lacan-theory/mckenney-lacan-calculus-2025-11-28/05_mckenney-lacan_core/06_SCHELLING_GRANOVETTER_TEAM_COMPOSITION.md,4208,745a03180e53c3034b3adce73b71f5d4c1244406df43278f4395ee27eafbf1fe
_attic/mckenney-lacan-theory/mckenney-lacan-calculus-2025-11-28/05_mckenney-lacan_core/07_MUSICAL_SCORE_OF_INTERACTION.md,4067,efe21248c9962b4a7824b243d10744da85a888f176e4db458a9f89de1200ed58
_attic/mckenney-lacan-theory/mckenney-lacan-calculus-2025-11-28/05_mckenney-lacan_core/07_NEO4J_IMPLEMENTATION_OF_PSYCHOHISTORY.md,6705,6eba7bba89e0ea492cb7e3fe21338b140aecc946c873b30196c58e6b7b280cdf
_attic/mckenney-lacan-theory/mckenney-lacan-calculus-2025-11-28/05_mckenney-lacan_core/08_NER11_GOLD_INTEGRATION_STRATEGY.md,5469,bab8f60e7a5f51eb2400eaeb443dc53b18955ad8965815b6889699553d78bb95
_attic/mckenney-lacan-theory/mckenney-lacan-calculus-2025-11-28/05_mckenney-lacan_core/08_POLYPHONY_AND_DISSONANCE_IN_DIALOGUE.md,4115,8963802773a590ee7fe3dbcf37d80b42b0e668223039605fcfd483aa9b51d681
_attic/mckenney-lacan-theory/mckenney-lacan-calculus-2025-11-28/05_mckenney-lacan_core/09_ADVERSARIAL_COUNTERPOINT_ATTACK_DEFEND.md,4311,9c347a9c74f075454ea81d26ff279f2fa05a789702a5f0e9343c79b9562efc2a
_attic/mckenney-lacan-theory/mckenney-lacan-calculus-2025-11-28/05_mckenney-lacan_core/09_AEON_DIGITAL_TWIN_SIMULATION_ENGINE.md,5513,82b66166c2e7029f86ef355cca60d49d27e8ee1e3ea836708cbb028427bc1f18
_attic/mckenney-lacan-theory/mckenney-lacan-calculus-2025-11-28/05_mckenney-lacan_core/10_EXECUTIVE_SYNTHESIS_AND_ROADMAP.md,4852,24a9e3ba9c0aded849d45f14784287e581ce2e74fc960d0a7f16a20131ebee48
_attic/mckenney-lacan-theory/mckenney-lacan-calculus-2025-11-28/05_mckenney-lacan_core/10_PRACTICAL_IMPLEMENTATION_CHEF_ORCHESTRATOR.md,3835,1bbe34b654a09e99b0a1f3b17e9e1e3341cb676566b3ddcd84f57e55d6346048
"_attic/mckenney-lacan-theory/mckenney-lacan-calculus-2025-11-28/Background_theory/Calculus, Psychoanalysis, and Personality Theory.docx",6207224,825d2ab14155dbcf4a98a68ec3038617ce5ce92756f4584a0cd61f8f3a1e3e62
_attic/mckenney-lacan-theory/mckenney-lacan-calculus-2025-11-28/Background_theory/GNN Music Theory Dialogue Simulation.docx,6214433,b1b81792090012137d1d91f4a0b7b56e928dabc111085b520e053e5b0552a2a3
"_attic/mckenney-lacan-theory/mckenney-lacan-calculus-2025-11-28/Background_theory/Lacan, Calculus, and Subject Formation.docx",6209413,6d489d2df387dc063e2716eb1509578b68171c49f234abaed28a4051d25401bb
_attic/mckenney-lacan-theory/mckenney-lacan-calculus-2025-11-28/Background_theory/Simulating Calculus with GGNN.docx,6208426,8d4914fcc1b6a3d23e01ea09763b1adfdc358c9d2ded66e15a51c86e0d25cbe8
_attic/mckenney-lacan-theory/mckenney-lacan-calculus-2025-11-28/Background_theory/The Loman Operator_ A Topological Score of Act I.md,8913,c48df3e7f28aa5b9db517cb0eae56e23dc4c48a795341c01a6a5a40ba9aca8ae
_attic/mckenney-lacan-theory/mckenney-lacan-calculus-2025-11-28/MUSICAL_CALCULUS_NOTATION_SYSTEM.md,2922,5b20e1a83eb355193ec6835af9b80c367b74d79ea183b80c995b08b57ae40493
_attic/mckenney-lacan-theory/mckenney-lacan-calculus-2025-11-28/SYMPHONIC_CALCULUS_SWOT_REPORT.md,3639,55c1ee1972749b353499429e0eda955c9319ee4c996b03549d5ec4b3222c6e50
_attic/mckenney-lacan-theory/mckenney-lacan-calculus-2025-11-28/mckenney-lacan-calculus-deathofsalemanv1 - Beat 1-5.csv,7373,3c3431ae3cfec70c6db6ad959c99840a2548aae0d21dec93010936c2913d9793
_attic/mckenney-lacan-theory/mckenney-lacan-calculus-2025-11-28/mckenney-lacan_music_10_scores_classics/01_PSYCHOHISTORY_READINESS_MATRIX.md,13552,4e7233f55704b735cfe9abe124cec1972a8b570d46b25fb20a28673c5858bd78
_attic/mckenney-lacan-theory/mckenney-lacan-calculus-2025-11-28/mckenney-lacan_music_10_scores_classics/02_MATHEMATICAL_PHYSICS_OF_CYBER_EPIDEMICS.md,9446,639665140e5015388e8c0f3efc3dbeb105fd271aaa6b975bef53ace3e8bcca07
_attic/mckenney-lacan-theory/mckenney-lacan-calculus-2025-11-28/mckenney-lacan_music_10_scores_classics/03_ISING_DYNAMICS_FOR_OPINION_PROPAGATION.md,8879,9b2ee001e33458f005f5df7b87b3d6f17d4535a29f26f5c1160b33e242055aba
_attic/mckenney-lacan-theory/mckenney-lacan-calculus-2025-11-28/mckenney-lacan_music_10_scores_classics/04_GRANOVETTER_THRESHOLDS_IN_ATTACK_CASCADES.md,8063,def4b428a1e20a368ac19d614a70cbd0d838c2b0f5ecfa7e6b4b938ee239d8ad
_attic/mckenney-lacan-theory/mckenney-lacan-calculus-2025-11-28/mckenney-lacan_music_10_scores_classics/05_BIFURCATION_THEORY_AND_CRISIS_DETECTION.md,8137,f1c0a12dc13dd4033917a3cf9c16bbb46e4733725d7ed75cf9c4b8bc3cb368d8
_attic/mckenney-lacan-theory/mckenney-lacan-calculus-2025-11-28/mckenney-lacan_music_10_scores_classics/06_CRITICAL_SLOWING_DOWN_EARLY_WARNINGS.md,6286,b0a361b2936608f5c15bea5fef3221a59d24ff27e44b4168879a41355603d15a
_attic/mckenney-lacan-theory/mckenney-lacan-calculus-2025-11-28/mckenney-lacan_music_10_scores_classics/07_NEO4J_IMPLEMENTATION_OF_PSYCHOHISTORY.md,6705,6eba7bba89e0ea492cb7e3fe21338b140aecc946c873b30196c58e6b7b280cdf
_attic/mckenney-lacan-theory/mckenney-lacan-calculus-2025-11-28/mckenney-lacan_music_10_scores_classics/08_NER11_GOLD_INTEGRATION_STRATEGY.md,5469,bab8f60e7a5f51eb2400eaeb443dc53b18955ad8965815b6889699553d78bb95
_attic/mckenney-lacan-theory/mckenney-lacan-calculus-2025-11-28/mckenney-lacan_music_10_scores_classics/09_AEON_DIGITAL_TWIN_SIMULATION_ENGINE.md,5513,82b66166c2e7029f86ef355cca60d49d27e8ee1e3ea836708cbb028427bc1f18
_attic/mckenney-lacan-theory/mckenney-lacan-calculus-2025-11-28/mckenney-lacan_music_10_scores_classics/10_EXECUTIVE_SYNTHESIS_AND_ROADMAP.md,4852,24a9e3ba9c0aded849d45f14784287e581ce2e74fc960d0a7f16a20131ebee48
"_attic/mckenney-lacan-theory/mckenney-lacan-calculus-2025-11-28/mckenney-lacan_music_10_scores_classics/Calculus, Psychoanalysis, and Personality Theory.md",29452,345232314e94aaad7eb85e3e9dd8d79713a0a8a4c87730f67164ea61954b0ef9
_attic/mckenney-lacan-theory/mckenney-lacan-calculus-2025-11-28/mckenney-lacan_music_10_scores_classics/GNN Music Theory Dialogue Simulation.md,42561,d3bf11044abfdc6f8d349d4ac2843da5d82099a2e72985143200b457166c72d7
_attic/mckenney-lacan-theory/mckenney-lacan-calculus-2025-11-28/mckenney-lacan_music_10_scores_classics/GRAND_UNIFIED_SCORE_SALESMAN_COMPLETE.csv,10039,547243b43b1af8e98f8cafa43f0125e95e228dd9f93f1ba8b4bfa874d32f8e34
_attic/mckenney-lacan-theory/mckenney-lacan-calculus-2025-11-28/mckenney-lacan_music_10_scores_classics/GRAND_UNIFIED_SCORE_SALESMAN_COMPLETE_FULL.csv,2438,e55d3aec831b417dfabdf2496bf5226055ffb06f65b568800d865ee6c96bf33b
"_attic/mckenney-lacan-theory/mckenney-lacan-calculus-2025-11-28/mckenney-lacan_music_10_scores_classics/Lacan, Calculus, and Subject Formation.md",39485,194d8ba42de3144762834cb4b1529658cc9ae2ccf3f8dda7dc99ed3041dc44a8
_attic/mckenney-lacan-theory/mckenney-lacan-calculus-2025-11-28/mckenney-lacan_music_10_scores_classics/MCKENNEY_LACAN_SCORES_GLOSSARY_AND_BRIEFING.md,13792,ed6831e7589926cd187c59adaf079595f1676c5e4f26c18cfb20cd2f164ee6e1
_attic/mckenney-lacan-theory/mckenney-lacan-calculus-2025-11-28/mckenney-lacan_music_10_scores_classics/MCKENNEY_LACAN_SCORE_A_DOLLS_HOUSE.csv,229054,bac764c563e70fc71ea792977b0cd20d86e6f0f8a709d27ccb3069a93c1207e9
_attic/mckenney-lacan-theory/mckenney-lacan-calculus-2025-11-28/mckenney-lacan_music_10_scores_classics/MCKENNEY_LACAN_SCORE_CHERRY_ORCHARD.csv,640474,db51ca4a1fc70e74b82378b749e99b7a243db0c70816afb53b6c786db2db3f21
_attic/mckenney-lacan-theory/mckenney-lacan-calculus-2025-11-28/mckenney-lacan_music_10_scores_classics/MCKENNEY_LACAN_SCORE_HAMLET.csv,320037,04bc6781fc23c7b7c066674f376b7c912da9ac4195fd3a00ea6f243ef1fa7e18
_attic/mckenney-lacan-theory/mckenney-lacan-calculus-2025-11-28/mckenney-lacan_music_10_scores_classics/MCKENNEY_LACAN_SCORE_KING_LEAR.csv,266140,f2a5d6add22708eca7aa27516b78055023bdbc8bb5f2f1726b914485c42d6240
_attic/mckenney-lacan-theory/mckenney-lacan-calculus-2025-11-28/mckenney-lacan_music_10_scores_classics/MCKENNEY_LACAN_SCORE_MACBETH.csv,195940,3126cd452752ffc770f6866b610ac0da4aa3afc6318d881229829fc531c09002
_attic/mckenney-lacan-theory/mckenney-lacan-calculus-2025-11-28/mckenney-lacan_music_10_scores_classics/MCKENNEY_LACAN_SCORE_MISS_JULIE.csv,614950,f54f6fb3c8859d89b3eb0e1329e0af39ec8f5c5cb39a8fce3477ae970d8adc8c
_attic/mckenney-lacan-theory/mckenney-lacan-calculus-2025-11-28/mckenney-lacan_music_10_scores_classics/MCKENNEY_LACAN_SCORE_OEDIPUS_REX.csv,418019,193cfb5a991b0f6fc3f0cbda048b47b757a65faa5c16b0e704fb363fbd06e47d
_attic/mckenney-lacan-theory/mckenney-lacan-calculus-2025-11-28/mckenney-lacan_music_10_scores_classics/Simulating Calculus with GGNN.md,33387,4bd620c0f54aa5bcf740452bc4a63057cf2d3dc7210b0cda1e4a8ac92cc56be6
_attic/mckenney-lacan-theory/mckenney-lacan-calculus-2025-11-28/mckenney-lacan_music_10_scores_classics/The Loman Operator_ A Topological Score of Act I.md,8913,c48df3e7f28aa5b9db517cb0eae56e23dc4c48a795341c01a6a5a40ba9aca8ae
_attic/mckenney-lacan-theory/mckenney-lacan-calculus-2025-11-28/mckenney-lacan_music_10_scores_classics/a_dolls_house.txt,149346,958820d4c521f85701b1718fbe0ccde2f2e878dc13e235ccc88a03e65272fad3
_attic/mckenney-lacan-theory/mckenney-lacan-calculus-2025-11-28/mckenney-lacan_music_10_scores_classics/batch_process_classic_plays.py,9135,3af77c4e3e09f511e031036b60cd0ddeeea5eec5c0886da89aa81b7753746ee4
_attic/mckenney-lacan-theory/mckenney-lacan-calculus-2025-11-28/mckenney-lacan_music_10_scores_classics/cherry_orchard.txt,419064,f6b84ebb9004a28f9510f11f1b1f23b22b51ce0d391e895e2f6ff35f119ebb14
_attic/mckenney-lacan-theory/mckenney-lacan-calculus-2025-11-28/mckenney-lacan_music_10_scores_classics/expand_salesman_score.py,5083,8435a6b9653c0cb94c7e41a3add2e11570710330894cbe1f1383e0ec485fe921
_attic/mckenney-lacan-theory/mckenney-lacan-calculus-2025-11-28/mckenney-lacan_music_10_scores_classics/generate_complete_salesman_score.py,5024,f849652dbcbc175e6e438089abef46a051346ac09906ed7a79a52ec084c48174
_attic/mckenney-lacan-theory/mckenney-lacan-calculus-2025-11-28/mckenney-lacan_music_10_scores_classics/hamlet.txt,180566,df57d93895266023ea635bdcaadcfae002059b8096a2b44884c0e14a5616eb77
_attic/mckenney-lacan-theory/mckenney-lacan-calculus-2025-11-28/mckenney-lacan_music_10_scores_classics/king_lear.txt,141179,94204aaff1d3b8ddae0aaf509346b33b6dbd70d52c610a09edfd79cdd47c83f5
_attic/mckenney-lacan-theory/mckenney-lacan-calculus-2025-11-28/mckenney-lacan_music_10_scores_classics/macbeth.txt,106466,9c2d2e9cb9889fb4eec8cd8eee51b792103fc8f1b8efab64c963cd0b34ef285f
_attic/mckenney-lacan-theory/mckenney-lacan-calculus-2025-11-28/mckenney-lacan_music_10_scores_classics/mckenney-lacan-calculus-deathofsalemanv1 - Beat 1-29.csv,7373,3c3431ae3cfec70c6db6ad959c99840a2548aae0d21dec93010936c2913d9793
_attic/mckenney-lacan-theory/mckenney-lacan-calculus-2025-11-28/mckenney-lacan_music_10_scores_classics/mckenney-lacan-calculus-deathofsalemanv1 - Beat 1-5.csv,1544,f01fd84821bf3026ac3fc1ac2b5b2edd7eab445fa8bdd0401ff6a1fd494e153a
_attic/mckenney-lacan-theory/mckenney-lacan-calculus-2025-11-28/mckenney-lacan_music_10_scores_classics/miss_julie.txt,389785,d77f8ba3706329cfc86658bb8713abbdf770748e7eac9ff90dd4520084ec8e32
_attic/mckenney-lacan-theory/mckenney-lacan-calculus-2025-11-28/mckenney-lacan_music_10_scores_classics/oedipus_rex.txt,244784,b820141c4c725006b1307965f65fb60027765a921d9b2c714d0329e813a0d631
_attic/mckenney-lacan-theory/mckenney-lacan-calculus-2025-11-28/mckenney-lacan_musical_notatoin/SYMPHONIC_CALCULUS_SWOT_REPORT.md,3639,55c1ee1972749b353499429e0eda955c9319ee4c996b03549d5ec4b3222c6e50
_attic/mckenney-lacan-theory/mckenney-lacan-calculus-2025-11-28/mckenney-lacan_musical_notatoin/musical_gnn_engine.py,4233,e5248ea1aaaf3369846bc0284c1cdcc87f1fbb255753bf5d6b5de2974b19d97e
_attic/mckenney-lacan-theory/mckenney-lacan-calculus-2025-11-28/mckenney-lacan_musical_notatoin/symphonic_calculus_score.json,59362,94b0a7933a055fc41e636fb2ef6026ddf775a061429ed28ed6bc3faff770ac6e
_attic/mckenney-lacan-theory/mckenney-lacan-calculus-2025-11-28/musical_gnn_engine.py,4233,e5248ea1aaaf3369846bc0284c1cdcc87f1fbb255753bf5d6b5de2974b19d97e
_attic/mckenney-lacan-theory/mckenney-lacan-calculus-2025-11-28/neo4j-schema/01_MCKENNEY_LACAN_NEO4J_SCHEMA.cypher,24184,a0ffe0b12d0460a210ec17b87019c98ef33dfc25ffa95fce770a2082d38ae11a
_attic/mckenney-lacan-theory/mckenney-lacan-calculus-2025-11-28/neo4j-schema/02_MCKENNEY_LACAN_CYPHER_LIBRARY.cypher,26845,2478e8845037830142eb5820f50cdb9c892c54680b4a4f292c9cd680fb065d09
_attic/mckenney-lacan-theory/mckenney-lacan-calculus-2025-11-28/neo4j-schema/03_MCKENNEY_LACAN_GAP_ANALYSIS.md,14140,47dddfacf1bea3cfe32526dc18057e433d43c541e672e7482069b985543e5b2e
_attic/mckenney-lacan-theory/mckenney-lacan-calculus-2025-11-28/neo4j-schema/04_MCKENNEY_LACAN_UNIFIED_API.yaml,37229,91df4d2dc96c55df843fadab0eaa9e7db400cd1d7037153eafcb8db6aae56c6f
_attic/mckenney-lacan-theory/mckenney-lacan-calculus-2025-11-28/symphonic_calculus_score.json,59362,94b0a7933a055fc41e636fb2ef6026ddf775a061429ed28ed6bc3faff770ac6e
_attic/mckenney_lacan_dec_12_2025_Archive.zip,26593790,520d5bcece42a5cda2eeb22ed6e1ac72980741277d59c44f35393a9c049294ac
